t,count
1616104137,0
1616104138,0
1616104139,0
1616104140,0
1616104141,0
1616104142,0
1616104143,0
1616104144,0
1616104145,0
1616104146,0
1616104147,0
1616104148,0
1616104149,0
1616104150,0
1616104151,0
1616104152,0
1616104153,0
1616104154,0
1616104155,0
1616104156,0
1616104157,0
1616104158,0
1616104159,0
1616104160,0
1616104161,0
1616104162,0
1616104163,0
1616104164,0
1616104165,0
1616104166,0
1616104167,0
1616104168,0
1616104169,0
1616104170,0
1616104171,0
1616104172,0
1616104173,0
1616104174,0
1616104175,0
1616104176,0
1616104177,0
1616104178,0
1616465975,0
1616465976,0
1616465977,0
1616465978,0
1616465979,0
1616465980,0
1616465981,0
1616465982,0
1616465983,0
1616465984,0
1616465985,0
1616465986,0
1616465987,0
1616465988,0
1616465989,0
1616465990,0
1616465991,0
1616465992,0
1616465993,0
1616465994,0
1616465995,0
1616465996,0
1616465997,0
1616465998,0
1616465999,0
1616466000,0
1616466001,0
1616466002,0
1616466003,0
1616466004,0
1616466005,0
1616466006,0
1616466007,0
1616466008,0
1616466009,0
1616466010,0
1616466011,0
1616466012,0
1616466013,0
1616466014,0
1616466015,0
1616466016,0
1616466017,0
1616466018,0
1616466019,0
1616466020,0
1616466021,0
1616466022,0
1616466023,0
1616466024,0
1616466025,0
1616466026,0
1616466027,0
1616466028,0
1616466029,0
1616466030,0
1616466031,0
1616466032,0
1616466033,0
1616466034,0
1616466035,0
1616466036,0
1616466037,0
1616466038,0
1616466039,0
1616466040,0
1616466041,0
1616466042,0
1616466043,0
1616466044,0
1616466045,0
1616466046,0
1616466047,0
1616466048,0
1616466049,0
1616466050,0
1616466051,0
1616466052,0
1616466053,0
1616466054,0
1616466055,0
1616466056,0
1616466057,0
1616466058,0
1616466059,0
1616466060,0
1616466061,0
1616466062,0
1616466063,0
1616466064,0
1616466065,0
1616466066,0
1616466067,0
1616466068,0
1616466069,0
1616466070,0
1616466071,0
1616466072,0
1616466073,0
1616466074,0
1616466075,0
1616466076,0
1616466077,0
1616466078,0
1616466079,0
1616466080,0
1616466081,0
1616466082,0
1616466083,0
1616466084,0
1616466085,0
1616466086,0
1616466087,0
1616466088,0
1616466089,0
1616466090,0
1616466091,0
1616466092,0
1616466093,0
1616466094,0
1616466095,0
1616466096,0
1616466097,0
1616466098,0
1616466099,0
1616466100,0
1616466101,0
1616466102,0
1616466103,0
1616466104,0
1616466105,0
1616466106,0
1616466107,0
1616466108,0
1616466109,0
1616466110,0
1616466111,0
1616466112,0
1616466113,0
1616466114,0
1616466115,0
1616466116,0
1616466117,0
1616466118,0
1616466119,0
1616466120,0
1616466121,0
1616466122,0
1616466123,0
1616466124,0
1616466125,0
1616466126,0
1616466127,0
1616466128,0
1616466129,0
1616466130,0
1616466131,0
1616466132,0
1616466133,0
1616466134,0
1616466135,0
1616466136,0
1616466137,0
1616466138,0
1616466139,0
1616466140,0
1616466141,0
1616466142,0
1616466143,0
1616466144,0
1616466145,0
1616466146,0
1616466147,0
1616466148,0
1616466149,0
1616466150,0
1616466151,0
1616466152,0
1616466153,0
1616466154,0
1616466155,0
1616466156,0
1616466157,0
1616466158,0
1616466159,0
1616466160,0
1616466161,0
1616466162,0
1616466163,0
1616466164,0
1616466165,0
1616466166,0
1616466167,0
1616466168,0
1616466169,0
1616466170,0
1616466171,0
1616466172,0
1616466173,0
1616466174,0
1616466175,0
1616466176,0
1616466177,0
1616466178,0
1616466179,0
1616466180,0
1616466181,0
1616466182,0
1616466183,0
1616466184,0
1616466185,0
1616466186,0
1616466187,0
1616466188,0
1616466189,0
1616466190,0
1616466191,0
1616466192,0
1616466193,0
1616466194,0
1616466195,0
1616466196,0
1616466197,0
1616466198,0
1616466199,0
1616466200,0
1616466201,0
1616466202,0
1616466203,0
1616466204,0
1616466205,0
1616466206,0
1616466207,0
1616466208,0
1616466209,0
1616466210,0
1616466211,0
1616466212,0
1616466213,0
1616466214,0
1616466215,0
1616466216,0
1616466217,0
1616466218,0
1616466219,0
1616466220,0
1616466221,0
1616466222,0
1616466223,0
1616466224,0
1616466225,0
1616466226,0
1616466227,0
1616466228,0
1616466229,0
1616466230,0
1616466231,0
1616466232,0
1616466233,0
1616466234,0
1616466235,0
1616466236,0
1616466237,0
1616466238,0
1616466239,0
1616466240,0
1616466241,0
1616466242,0
1616466243,0
1616466244,0
1616466245,0
1616466246,0
1616466247,0
1616466248,0
1616466249,0
1616466250,0
1616466251,0
1616466252,0
1616466253,0
1616466254,0
1616466255,0
1616466256,0
1616466257,0
1616466258,0
1616466259,0
1616466260,0
1616466261,0
1616466262,0
1616466263,0
1616466264,0
1616466367,0
1616466368,0
1616466369,0
1616466370,0
1616466371,0
1616466372,0
1616466373,0
1616466374,0
1616466375,0
1616466376,0
1616466377,0
1616466378,0
1616466379,0
1616466380,0
1616466381,0
1616466382,0
1616466383,0
1616466384,0
1616466385,0
1616466386,0
1616466387,0
1616466388,0
1616466389,0
1616466390,0
1616466391,0
1616466392,0
1616466393,0
1616466394,0
1616466395,0
1616466396,0
1616466397,0
1616466398,0
1616466399,0
1616466400,0
1616466401,0
1616466402,0
1616466403,0
1616466404,0
1616466405,0
1616466406,0
1616466407,0
1616466408,0
1616466409,0
1616466410,0
1616466411,0
1616466412,0
1616466413,0
1616466414,0
1616466415,0
1616466416,0
1616466417,0
1616466418,0
1616466419,0
1616466420,0
1616466421,0
1616466422,0
1616466423,0
1616466424,0
1616466425,0
1616466426,0
1616466427,0
1616466428,0
1616466429,0
1616466430,0
1616466431,0
1616466432,0
1616466433,0
1616466434,0
1616466435,0
1616466436,0
1616466437,0
1616466438,0
1616466439,0
1616466440,0
1616466441,0
1616466442,0
1616466443,0
1616466444,0
1616466445,0
1616466446,0
1616466447,0
1616466448,0
1616466449,0
1616466450,0
1616466451,0
1616466452,0
1616466453,0
1616466454,0
1616466455,0
1616466456,0
1616466457,0
1616466458,0
1616466459,0
1616466460,0
1616466461,0
1616466462,0
1616466463,0
1616466464,0
1616466465,0
1616466466,0
1616466467,0
1616466468,0
1616466469,0
1616466470,0
1616466471,0
1616466472,0
1616466473,0
1616466474,0
1616466475,0
1616466476,0
1616466477,0
1616466478,0
1616466479,0
1616466480,0
1616466481,0
1616466482,0
1616466483,0
1616466484,0
1616466485,0
1616466486,0
1616466487,0
1616466488,0
1616466489,0
1616466490,0
1616466491,0
1616466492,0
1616466493,0
1616466494,0
1616466495,0
1616466496,0
1616466497,0
1616466498,0
1616466499,0
1616466500,0
1616466501,0
1616466502,0
1616466503,0
1616466504,0
1616466505,0
1616466506,0
1616466507,0
1616466508,0
1616466509,0
1616466510,0
1616466511,0
1616466512,0
1616466513,0
1616466514,0
1616466515,0
1616466516,0
1616466517,0
1616466518,0
1616466519,0
1616466520,0
1616466521,0
1616466522,0
1616466523,0
1616466524,0
1616466525,0
1616466526,0
1616466527,0
1616466528,0
1616466529,0
1616466530,0
1616466531,0
1616466532,0
1616466533,0
1616466534,0
1616466535,0
1616466536,0
1616466537,0
1616466538,0
1616466539,0
1616466540,0
1616466541,0
1616466542,0
1616466543,0
1616466544,0
1616466545,0
1616466546,0
1616466547,0
1616466548,0
1616466549,0
1616466550,0
1616466551,0
1616466552,0
1616466553,0
1616466554,0
1616466555,0
1616466556,0
1616466557,0
1616466558,0
1616466559,0
1616466560,0
1616466561,0
1616466562,0
1616466563,0
1616466564,0
1616466565,0
1616466566,0
1616466567,0
1616466568,0
1616466569,0
1616466570,0
1616466571,0
1616466572,0
1616466573,0
1616466574,0
1616466575,0
1616466576,0
1616466577,0
1616466578,0
1616466579,0
1616466580,0
1616466581,0
1616466582,0
1616466583,0
1616466584,0
1616466585,0
1616466586,0
1616466587,0
1616466588,0
1616466589,0
1616466590,0
1616466591,0
1616466592,0
1616466593,0
1616466594,0
1616466595,0
1616466596,0
1616466597,0
1616466598,0
1616466599,0
1616466600,0
1616466601,0
1616466602,0
1616466603,0
1616466604,0
1616466605,0
1616466606,0
1616466607,0
1616466608,0
1616466609,0
1616466610,0
1616466611,0
1616466612,0
1616466613,0
1616466614,0
1616466615,0
1616466616,0
1616466617,0
1616466618,0
1616466619,0
1616466620,0
1616466621,0
1616466622,0
1616466623,0
1616466624,0
1616466625,0
1616466626,0
1616466627,0
1616466628,0
1616466629,0
1616466630,0
1616466631,0
1616466632,0
1616466633,0
1616466634,0
1616466635,0
1616466636,0
1616466637,0
1616466638,0
1616466639,0
1616466640,0
1616466641,0
1616466642,0
1616466643,0
1616466644,0
1616466645,0
1616466646,0
1616466647,0
1616466648,0
1616466649,0
1616466650,0
1616466651,0
1616466652,0
1616466653,0
1616466654,0
1616466655,0
1616466656,0
1616466657,0
1616466658,0
1616466659,0
1616466660,0
1616466661,0
1616466662,0
1616466663,0
1616466664,0
1616466665,0
1616466666,0
1616466667,0
1616466668,0
1616466669,0
1616466670,0
1616466671,0
1616466672,0
1616466673,0
1616466674,0
1616466675,0
1616466676,0
1616466677,0
1616466678,0
1616466679,0
1616466680,0
1616466681,0
1616466682,0
1616466683,0
1616466684,0
1616466685,0
1616466686,0
1616466687,0
1616466688,0
1616466689,0
1616466690,0
1616466691,0
1616466692,0
1616466693,0
1616466694,0
1616466695,0
1616466696,0
1616466697,0
1616466698,0
1616466699,0
1616466700,0
1616466701,0
1616466702,0
1616466703,0
1616466704,0
1616466705,0
1616466706,0
1616466707,0
1616466708,0
1616466709,0
1616466710,0
1616466711,0
1616466712,0
1616466713,0
1616466714,0
1616466715,0
1616466716,0
1616466717,0
1616466718,0
1616466719,0
1616466720,0
1616466721,0
1616466722,0
1616466723,0
1616466724,0
1616466725,0
1616466726,0
1616466727,0
1616466728,0
1616466729,0
1616466730,0
1616466731,0
1616466732,0
1616466733,0
1616466734,0
1616466735,0
1616466736,0
1616466737,0
1616466738,0
1616466739,0
1616466740,0
1616466741,0
1616466742,0
1616466743,0
1616466744,0
1616466745,0
1616466746,0
1616466747,0
1616466748,0
1616466749,0
1616466750,0
1616466751,0
1616466752,0
1616466753,0
1616466754,0
1616466755,0
1616466756,0
1616466757,0
1616466758,0
1616466759,0
1616466760,0
1616466761,0
1616466762,0
1616466763,0
1616466764,0
1616466765,0
1616466766,0
1616466767,0
1616466768,0
1616466769,0
1616466770,0
1616466771,0
1616466772,0
1616466773,0
1616466774,0
1616466775,0
1616466776,0
1616466777,0
1616466778,0
1616466779,0
1616466780,0
1616466781,0
1616466782,0
1616466783,0
1616466784,0
1616466785,0
1616466786,0
1616466787,0
1616466788,0
1616466789,0
1616466790,0
1616466791,0
1616466792,0
1616466793,0
1616466794,0
1616466795,0
1616466796,0
1616466797,0
1616466798,0
1616466799,0
1616466800,0
1616466801,0
1616466802,0
1616466803,0
1616466804,0
1616466805,0
1616466806,0
1616466807,0
1616466808,0
1616466809,0
1616466810,0
1616466811,0
1616466812,0
1616466813,0
1616466814,0
1616466815,0
1616466816,0
1616466817,0
1616466818,0
1616466819,0
1616466820,0
1616466821,0
1616466822,0
1616466823,0
1616466824,0
1616466825,0
1616466826,0
1616466827,0
1616466828,0
1616466829,0
1616466830,0
1616466831,0
1616466832,0
1616466833,0
1616466834,0
1616466835,0
1616466836,0
1616466837,0
1616466838,0
1616466839,0
1616466840,0
1616466841,0
1616466842,0
1616466843,0
1616466844,0
1616466845,0
1616466846,0
1616466847,0
1616466848,0
1616466849,0
1616466850,0
1616466851,0
1616466852,0
1616466853,0
1616466854,0
1616466855,0
1616466856,0
1616466857,0
1616466858,0
1616466859,0
1616466860,0
1616466861,0
1616466862,0
1616466863,0
1616466864,0
1616466865,0
1616466866,0
1616466867,0
1616466868,0
1616466869,0
1616466870,0
1616466871,0
1616466872,0
1616466873,0
1616466874,0
1616466875,0
1616466876,0
1616466877,0
1616466878,0
1616466879,0
1616466880,0
1616466881,0
1616466882,0
1616466883,0
1616466884,0
1616466885,0
1616466886,0
1616466887,0
1616466888,0
1616466889,0
1616466890,0
1616466891,0
1616466892,0
1616466893,0
1616466894,0
1616466895,0
1616466896,0
1616466897,0
1616466898,0
1616466899,0
1616466900,0
1616466901,0
1616466902,0
1616466903,0
1616466904,0
1616466905,0
1616466906,0
1616466907,0
1616466908,0
1616466909,0
1616466910,0
1616466911,0
1616466912,0
1616466913,0
1616466914,0
1616466915,0
1616466916,0
1616466917,0
1616466918,0
1616466919,0
1616466920,0
1616466921,0
1616466922,0
1616466923,0
1616466924,0
1616466925,0
1616466926,0
1616466927,0
1616466928,0
1616466929,0
1616466930,0
1616466931,0
1616466932,0
1616466933,0
1616466934,0
1616466935,0
1616466936,0
1616466937,0
1616466938,0
1616466939,0
1616466940,0
1616466941,0
1616466942,0
1616466943,0
1616466944,0
1616466945,0
1616466946,0
1616466947,0
1616466948,0
1616466949,0
1616466950,0
1616466951,0
1616466952,0
1616466953,0
1616466954,0
1616466955,0
1616466956,0
1616466957,0
1616466958,0
1616466959,0
1616466960,0
1616466961,0
1616466962,0
1616466963,0
1616466964,0
1616466965,0
1616466966,0
1616466967,0
1616466968,0
1616466969,0
1616466970,0
1616466971,0
1616466972,0
1616466973,0
1616466974,0
1616466975,0
1616466976,0
1616466977,0
1616466978,0
1616466979,0
1616466980,0
1616466981,0
1616466982,0
1616466983,0
1616466984,0
1616466985,0
1616466986,0
1616466987,0
1616466988,0
1616466989,0
1616466990,0
1616466991,0
1616466992,0
1616466993,0
1616466994,0
1616466995,0
1616466996,0
1616466997,0
1616466998,0
1616466999,0
1616467000,0
1616467001,0
1616467002,0
1616467003,0
1616467004,0
1616467005,0
1616467006,0
1616467007,0
1616467008,0
1616467009,0
1616467010,0
1616467011,0
1616467012,0
1616467013,0
1616467014,0
1616467015,0
1616467016,0
1616467017,0
1616467018,0
1616467019,0
1616467020,0
1616467021,0
1616467022,0
1616467023,0
1616467024,0
1616467025,0
1616467026,0
1616467027,0
1616467028,0
1616467029,0
1616467030,0
1616467031,0
1616467032,0
1616467033,0
1616467034,0
1616467035,0
1616467036,0
1616467037,0
1616467038,0
1616467039,0
1616467040,0
1616467041,0
1616467042,0
1616467043,0
1616467044,0
1616467045,0
1616467046,0
1616467047,0
1616467048,0
1616467049,0
1616467050,0
1616467051,0
1616467052,0
1616467053,0
1616467054,0
1616467055,0
1616467056,0
1616467057,0
1616467058,0
1616467059,0
1616467060,0
1616467061,0
1616467062,0
1616467063,0
1616467064,0
1616467065,0
1616467066,0
1616467067,0
1616467068,0
1616467069,0
1616467070,0
1616467071,0
1616467072,0
1616467073,0
1616467074,0
1616467075,0
1616467076,0
1616467077,0
1616467078,0
1616467079,0
1616467080,0
1616467081,0
1616467082,0
1616467083,0
1616467084,0
1616467085,0
1616467086,0
1616467087,0
1616467088,0
1616467089,0
1616467090,0
1616467091,0
1616467092,0
1616467093,0
1616467094,0
1616467095,0
1616467096,0
1616467097,0
1616467098,0
1616467099,0
1616467100,0
1616467101,0
1616467102,0
1616467103,0
1616467104,0
1616467105,0
1616467106,0
1616467107,0
1616467108,0
1616467109,0
1616467110,0
1616467111,0
1616468908,0
1616468909,0
1616468910,0
1616468911,0
1616468912,0
1616468913,0
1616468914,0
1616468915,0
1616468916,0
1616468917,0
1616468918,0
1616468919,0
1616468920,0
1616468921,0
1616468922,0
1616468923,0
1616468924,0
1616468925,0
1616468926,0
1616468927,0
1616468928,0
1616468929,0
1616468930,0
1616468931,0
1616468932,0
1616468933,0
1616468934,0
1616468935,0
1616468936,0
1616468937,0
1616476639,0
1616476640,0
1616476641,0
1616476642,0
1616476643,0
1616476644,0
1616476645,0
1616476646,0
1616476647,0
1616476648,0
1616476649,0
1616476650,0
1616476651,0
1616476652,0
1616476653,0
1616476654,0
1616476655,0
1616476656,0
1616476657,0
1616476658,0
1616476659,0
1616476660,0
1616476661,0
1616476662,0
1616476663,0
1616476664,0
1616476665,0
1616476666,0
1616476667,0
1616476668,0
1616476669,0
1616476670,0
1616476671,0
1616476672,0
1616476673,0
1616476674,0
1616476675,0
1616476676,0
1616476677,0
1616476678,0
1616476679,0
1616476680,0
1616476681,0
1616476682,0
1616476683,0
1616477033,0
1616477034,0
1616477035,0
1616477036,0
1616477037,0
1616477038,0
1616477039,0
1616477040,0
1616477041,0
1616477042,0
1616477043,0
1616477044,0
1616477045,0
1616477046,0
1616477047,0
1616477048,0
1616477049,0
1616477050,0
1616477051,0
1616477052,0
1616477053,0
1616477054,0
1616477055,0
1616477056,0
1616477057,0
1616477058,0
1616477059,0
1616477060,0
1616477061,0
1616477062,0
1616477063,0
1616477088,0
1616477089,0
1616477090,0
1616477091,0
1616477092,0
1616477093,0
1616477094,0
1616477095,0
1616477096,0
1616477097,0
1616477098,0
1616477099,0
1616477100,0
1616477101,0
1616477102,0
1616477103,0
1616477104,0
1616477105,0
1616477106,0
1616477107,0
1616477108,0
1616477109,0
1616477110,0
1616477111,0
1616477112,0
1616477113,0
1616477114,0
1616477115,0
1616477116,0
1616477117,0
1616477118,0
1616477119,0
1616477120,0
1616637163,0
1616637164,0
1616637165,0
1616637166,0
1616637167,0
1616637168,0
1616637169,0
1616637170,0
1616637171,0
1616637172,0
1616637173,0
1616637174,0
1616637175,0
1616637176,0
1616637177,0
1616637178,0
1616637179,0
1616637180,0
1616637181,0
1616637182,0
1616637183,0
1616637184,0
1616637185,0
1616637186,0
1616637187,0
1616637188,0
1616637189,0
1616637190,0
1616637191,0
1616637192,0
1616637193,0
1616637194,0
1616637195,0
1616637196,0
1616637197,0
1616637198,0
1616637199,0
1616637200,0
1616637201,0
1616637202,0
1616637203,0
1616637204,0
1616637205,0
1616637206,0
1616637207,0
1616637208,0
1616637209,0
1616637210,0
1616637211,0
1616637212,0
1616637213,0
1616637214,0
1616637215,0
1616637216,0
1616637217,0
1616637218,0
1616637219,0
1616637220,0
1616637221,0
1616637222,0
1616637223,0
1616637224,0
1616637225,0
1616637226,0
1616637227,0
1616637228,0
1616637229,0
1616637230,0
1616637231,0
1616637232,0
1616637233,0
1616637234,0
1616637235,0
1616637236,0
1616637237,0
1616637238,0
1616637239,0
1616637240,0
1616637241,0
1616637242,0
1616637243,0
1616637244,0
1616637245,0
1616637246,0
1616637247,0
1616637248,0
1616637249,0
1616637250,0
1616637251,0
1616637252,0
1616637253,0
1616637254,0
1616637255,0
1616637256,0
1616637257,0
1616637258,0
1616637259,0
1616637260,0
1616637261,0
1616637262,0
1616637263,0
1616637264,0
1616637265,0
1616637266,0
1616637267,0
1616637268,0
1616637269,0
1616637270,0
1616637271,0
1616637272,0
1616637273,0
1616637274,0
1616637275,0
1616637276,0
1616637277,0
1616637278,0
1616637279,0
1616637280,0
1616637281,0
1616637282,0
1616637283,0
1616637284,0
1616637285,0
1616637286,0
1616637287,0
1616637288,0
1616637289,0
1616637290,0
1616637291,0
1616637292,0
1616637293,0
1616637294,0
1616637295,0
1616637296,0
1616637297,0
1616637298,0
1616637299,0
1616637300,0
1616637301,0
1616637302,0
1616637303,0
1616637304,0
1616637305,0
1616637306,0
1616637307,0
1616637308,0
1616637309,0
1616637310,0
1616637311,0
1616637312,0
1616637313,0
1616637314,0
1616637315,0
1616637316,0
1616637317,0
1616637318,0
1616637319,0
1616637320,0
1616637321,0
1616637322,0
1616637323,0
1616637324,0
1616637325,0
1616637326,0
1616637327,0
1616637328,0
1616637329,0
1616637330,0
1616637331,0
1616637332,0
1616637333,0
1616637334,0
1616637335,0
1616637336,0
1616637337,0
1616637338,0
1616637339,0
1616637340,0
1616637341,0
1616637342,0
1616637343,0
1616637344,0
1616637345,0
1616637346,0
1616637347,0
1616637348,0
1616637349,0
1616637350,0
1616637351,0
1616637352,0
1616637353,0
1616637354,0
1616637355,0
1616637356,0
1616637357,0
1616637358,0
1616637359,0
1616637360,0
1616637361,0
1616637362,0
1616637363,0
1616637364,0
1616637365,0
1616637366,0
1616637367,0
1616637368,0
1616637369,0
1616637370,0
1616637371,0
1616637372,0
1616637373,0
1616637374,0
1616637375,0
1616637376,0
1616637377,0
1616637378,0
1616637379,0
1616637380,0
1616637381,0
1616637382,0
1616637383,0
1616637384,0
1616637385,0
1616637386,0
1616637387,0
1616637388,0
1616637389,0
1616637390,0
1616637391,0
1616637392,0
1616637393,0
1616637394,0
1616637395,0
1616637396,0
1616637397,0
1616637398,0
1616637399,0
1616637400,0
1616637401,0
1616637402,0
1616637403,0
1616637404,0
1616637405,0
1616637406,0
1616637407,0
1616637408,0
1616637409,0
1616637410,0
1616637411,0
1616637412,0
1616637413,0
1616637414,0
1616637415,0
1616637416,0
1616637417,0
1616637418,0
1616637419,0
1616637420,0
1616637421,0
1616637422,0
1616637423,0
1616637424,0
1616637425,0
1616637426,0
1616637427,0
1616637428,0
1616637434,0
1616637434,0
1616637434,0
1616637434,0
1616637434,0
1616637434,0
1616637435,0
1616637436,0
1616637437,0
1616637438,0
1616637439,0
1616637440,0
1616637441,0
1616637442,0
1616637443,0
1616637444,0
1616637445,0
1616637446,0
1616637447,0
1616637448,0
1616637449,0
1616637450,0
1616637451,0
1616637452,0
1616637453,0
1616637454,0
1616637455,0
1616637456,0
1616637457,0
1616637458,0
1616637459,0
1616637460,0
1616637461,0
1616637462,0
1616637463,0
1616637464,0
1616637465,0
1616637466,0
1616637467,0
1616637468,0
1616637469,0
1616637470,0
1616637471,0
1616637472,0
1616637473,0
1616637474,0
1616637475,0
1616637476,0
1616637477,0
1616637478,0
1616637479,0
1616637480,0
1616637481,0
1616637482,0
1616637483,0
1616637484,0
1616637485,0
1616637486,0
1616637487,0
1616637488,0
1616637489,0
1616637490,0
1616637491,0
1616637492,0
1616637493,0
1616637494,0
1616637495,0
1616637496,0
1616637497,0
1616637498,0
1616637499,0
1616637500,0
1616637501,0
1616637502,0
1616637503,0
1616637504,0
1616637505,0
1616637506,0
1616637507,0
1616637508,0
1616637509,0
1616637510,0
1616637511,0
1616637512,0
1616637513,0
1616637514,0
1616637515,0
1616637516,0
1616637517,0
1616637518,0
1616637519,0
1616637520,0
1616637521,0
1616637522,0
1616637523,0
1616637524,0
1616637525,0
1616637527,0
1616637527,0
1616637528,0
1616637529,0
1616637530,0
1616637531,0
1616637532,0
1616637533,0
1616637534,0
1616637535,0
1616637536,0
1616637537,0
1616637538,0
1616637539,0
1616637540,0
1616637541,0
1616637542,0
1616637543,0
1616637544,0
1616637545,0
1616637546,0
1616637547,0
1616637548,0
1616637549,0
1616637550,0
1616637551,0
1616637552,0
1616637553,0
1616637554,0
1616637555,0
1616637556,0
1616637557,0
1616637558,0
1616637559,0
1616637560,0
1616637561,0
1616637562,0
1616637563,0
1616637564,0
1616637565,0
1616637566,0
1616637567,0
1616637568,0
1616637569,0
1616637570,0
1616637571,0
1616637572,0
1616637573,0
1616637574,0
1616637575,0
1616637576,0
1616637577,0
1616637578,0
1616637579,0
1616637580,0
1620329388,0
1620329389,0
1620329390,0
1620329391,0
1620329392,0
1620329393,0
1620329394,0
1620329395,0
1620329396,0
1620329397,0
1620329398,0
1620329399,0
1620329400,0
1620329401,0
1620329402,0
1620329403,0
1620329404,0
1620329405,0
1620329406,0
1620329407,0
1620329408,0
1620329409,0
1620329410,0
1620329411,0
1620329412,0
1620329413,0
1620329414,0
1620329415,0
1620329416,0
1620329417,0
1620329418,0
1620329419,0
1620329420,0
1620329421,0
1620329422,0
1620329423,0
1620329424,0
1620329425,0
1620329426,0
1620329427,0
1620329428,0
1620329429,0
1620329430,0
1620329431,0
1620329432,0
1620329433,0
1620329434,0
1620329435,0
1620329436,0
1620329437,0
1620329438,0
1620329439,0
1620329440,0
1620329441,0
1620329442,0
1620329443,0
1620329444,0
1620329445,0
1620329446,0
1620329447,0
1620329448,0
1620329449,0
1620329450,0
1620329451,0
1620439088,0
1620439089,0
1620439090,0
1620439091,0
1620439092,0
1620439093,0
1620439094,0
1620439095,0
1620439096,0
1620439097,0
1620439098,0
1620439099,0
1620439100,0
1620439101,0
1620439102,0
1620439103,0
1620439104,0
1620439105,0
1620439106,0
1620439107,0
1620439108,0
1620439109,0
1620439110,0
1620439111,0
1620439112,0
1620439113,0
1620439114,0
1620439115,0
1620439116,0
1620439117,0
1620439118,0
1620439119,0
1620439120,0
1620439121,0
1620439122,0
1620439123,0
1620439124,0
1620439125,0
1620439126,0
1620439127,0
1620439128,0
1620439129,0
1620439130,0
1620439131,0
1620439132,0
1620439133,0
1620439134,0
1620439135,0
1620439136,0
1620439137,0
1620439138,0
1620439139,0
1620439140,0
1620439141,0
1620439142,0
1620439143,0
1645315292,0
1645315293,0
1645315294,0
1645315295,0
1645315296,0
1645315297,0
1645315298,0
1645315299,0
1645315300,0
1645315301,0
1645315302,0
1645315303,0
1645315304,0
1645315305,0
1645315306,0
1645315307,0
1645315308,0
1645315309,0
1645315310,0
1645315311,0
1645315312,0
1645315313,0
1645315314,0
1645315315,0
1645315316,0
1645315317,0
1645315318,0
1645315319,0
1645315320,0
1645315321,0
1645315322,0
1645315323,0
1645315324,0
1645315325,0
1645315326,0
1645315327,0
1645315328,0
1645315329,0
1645315330,0
1645315331,0
1645315332,0
1645315333,0
1645315334,0
1645315335,0
1645315336,0
1645315337,0
1645315338,0
1645315339,0
1645315340,0
1645315341,0
1645315342,0
1645315343,0
1645315344,0
1645315345,0
1645315346,0
1645315347,0
1645315348,0
1645315349,0
1645315350,0
1645315351,0
1645315352,0
1645315353,0
1645315354,0
1645315355,0
1645315356,0
1645315357,0
1645315358,0
1645315359,0
1645315360,0
1645315361,0
1645315362,0
1645315363,0
1645315364,0
1645315365,0
1645315366,0
1645315367,0
1645315368,0
1645315369,0
1645315370,0
1645315371,0
1645315372,0
1645315373,0
1645315374,0
1645315375,0
1645315376,0
1645315377,0
1645315378,0
1645315379,0
1645315380,0
1645315381,0
1645315382,0
1645315383,0
1645315384,0
1645315385,0
1645315386,0
1645315387,0
1645315388,0
1645315389,0
1645315390,0
1645315391,0
1645315392,0
1645315393,0
1645315394,0
1645315395,0
1645315396,0
1645315397,0
1645315398,0
1645315399,0
1645315400,0
1645315401,0
1645315402,0
1645315403,0
1645315404,0
1645315405,0
1645315406,0
1645315407,0
1645315408,0
1645315409,0
1645315410,0
1645315411,0
1645315412,0
1645315413,0
1645315414,0
1645315415,0
1645315416,0
1645315417,0
1645315418,0
1645315419,0
1645315420,0
1645315421,0
1645315422,0
1645315423,0
1645315424,0
1645315425,0
1645315426,0
1645315427,0
1645315428,0
1645315429,0
1645315430,0
1645315431,0
1645315432,0
1645315433,0
1645315434,0
1645315435,0
1645315436,0
1645315437,0
1645315438,0
1645315439,0
1645315440,0
1645315441,0
1645315442,0
1645315443,0
1645315444,0
1645315445,0
1645315446,0
1645315447,0
1645315448,0
1645315449,0
1645315450,0
1645315451,0
1645315452,0
1645315453,0
1645315454,0
1645315455,0
1645315456,0
1645315457,0
1645315458,0
1647898502,0
1647898503,0
1647898504,0
1647898505,0
1647898506,0
1647898507,0
1647898508,0
1647898509,0
1647898510,0
1647898511,0
1647898512,0
1647898513,0
1647899783,0
1647899784,0
1647899785,0
1647899786,0
1647899787,0
1647899788,0
1647899789,0
1647899790,0
1647899791,0
1647899792,0
1647899793,0
1647899794,0
1647899795,0
1647899796,0
1647899797,0
1647899798,0
1647899799,0
1647899800,0
1647899801,0
1647899802,0
1647899803,0
1647899804,0
1647899805,0
1647899806,0
1647899807,0
1647899808,0
1647899809,0
1647899810,0
1647899811,0
1647899812,0
1647899813,0
1647899814,0
1647899815,0
1647899816,0
1647899817,0
1647899818,0
1647899819,0
1647899820,0
1647899821,0
1647899822,0
1647899823,0
1647899824,0
1647899825,0
1647899826,0
1647899827,0
1647899828,0
1647899829,0
1647899830,0
1647899831,0
1647899832,0
1647899833,0
1647899834,0
1647899835,0
1647899836,0
1647899837,0
1647899838,0
1647899839,0
1647899840,0
1647899841,0
1647899842,0
1647899843,0
1647899844,0
1647899845,0
1647899846,0
1647899847,0
1647899848,0
1647899849,0
1647899850,0
1647899851,0
1647899852,0
1647899853,0
1647899854,0
1647899855,0
1647899856,0
1647899857,0
1647899858,0
1647899859,0
1647899860,0
1647899861,0
1647899862,0
1647899863,0
1647899864,0
1647899865,0
1647899866,0
1647899867,0
1647899868,0
1647899869,0
1647899870,0
1647899871,0
1647899872,0
1647899873,0
1647899874,0
1647899875,0
1647899876,0
1647899877,0
1647899878,0
1647899879,0
1647899880,0
1647899881,0
1647899882,0
1647899883,0
1647899884,0
1647971877,0
1647971878,0
1647971879,0
1647971880,0
1647971881,0
1647971882,0
1647971883,0
1647971884,0
1647971885,0
1647971886,0
1647971887,0
1647971888,0
1647971889,0
1647971890,0
1647971891,0
1647977352,0
1647977353,0
1647977354,0
1647977355,0
1647977356,0
1647977357,0
1647977358,0
1647977359,0
1647977360,0
1647977361,0
1647977362,0
1647977363,0
1647977364,0
1647977365,0
1647977366,0
1648068172,0
1648068173,0
1648068174,0
1648068175,0
1648068176,0
1648068177,0
1648068178,0
1648068179,0
1648068180,0
1648068181,0
1648068182,0
1648068183,0
1648068184,0
1648068185,0
1648068186,0
1648076600,0
1648076601,0
1648076602,0
1648076603,0
1648076604,0
1648076605,0
1648076606,0
1648076607,0
1648076608,0
1648076609,0
1648076610,0
1648076611,0
