t,count,mean_rate,m1_rate,m5_rate,m15_rate,rate_unit
1616104137,25000,24176,847956,0,000000,0,000000,0,000000,events/second
1616104138,25000,12414,557411,0,000000,0,000000,0,000000,events/second
1616104139,25000,8295,753267,0,000000,0,000000,0,000000,events/second
1616104140,25000,6230,053482,0,000000,0,000000,0,000000,events/second
1616104141,25000,4986,999037,5000,000000,5000,000000,5000,000000,events/second
1616104142,25000,4157,925304,5000,000000,5000,000000,5000,000000,events/second
1616104143,25000,3564,808365,5000,000000,5000,000000,5000,000000,events/second
1616104144,25000,3120,110304,5000,000000,5000,000000,5000,000000,events/second
1616104145,25000,2773,807156,5000,000000,5000,000000,5000,000000,events/second
1616104146,25000,2496,824202,4600,222073,4917,357269,4972,299240,events/second
1616104147,25000,2270,207486,4600,222073,4917,357269,4972,299240,events/second
1616104148,25000,2081,206158,4600,222073,4917,357269,4972,299240,events/second
1616104149,25000,1921,261176,4600,222073,4917,357269,4972,299240,events/second
1616104150,25000,1784,154848,4600,222073,4917,357269,4972,299240,events/second
1616104151,25000,1665,278674,4232,408624,4836,080502,4944,751946,events/second
1616104152,25000,1561,263386,4232,408624,4836,080502,4944,751946,events/second
1616104153,25000,1469,515569,4232,408624,4836,080502,4944,751946,events/second
1616104154,25000,1387,935635,4232,408624,4836,080502,4944,751946,events/second
1616104155,25000,1314,953795,4232,408624,4836,080502,4944,751946,events/second
1616104156,25000,1249,227713,3894,003915,4756,147123,4917,357269,events/second
1616104157,25000,1189,781020,3894,003915,4756,147123,4917,357269,events/second
1616104158,25000,1135,731092,3894,003915,4756,147123,4917,357269,events/second
1616104159,25000,1086,372385,3894,003915,4756,147123,4917,357269,events/second
1616104160,25000,1041,125818,3894,003915,4756,147123,4917,357269,events/second
1616104161,25000,999,505759,3582,656553,4677,534925,4890,114362,events/second
1616104162,25000,961,079305,3582,656553,4677,534925,4890,114362,events/second
1616104163,25000,925,501891,3582,656553,4677,534925,4890,114362,events/second
1616104164,25000,892,433769,3582,656553,4677,534925,4890,114362,events/second
1616104165,25000,861,682279,3582,656553,4677,534925,4890,114362,events/second
1616104166,25000,832,960249,3296,203151,4600,222073,4863,022386,events/second
1616104167,25000,806,104376,3296,203151,4600,222073,4863,022386,events/second
1616104168,25000,780,936528,3296,203151,4600,222073,4863,022386,events/second
1616104169,25000,757,283465,3296,203151,4600,222073,4863,022386,events/second
1616104170,25000,735,014248,3296,203151,4600,222073,4863,022386,events/second
1616104171,25000,714,035244,3032,653299,4524,187090,4836,080502,events/second
1616104172,25000,694,205222,3032,653299,4524,187090,4836,080502,events/second
1616104173,25000,675,450033,3032,653299,4524,187090,4836,080502,events/second
1616104174,25000,657,681166,3032,653299,4524,187090,4836,080502,events/second
1616104175,25000,640,819346,3032,653299,4524,187090,4836,080502,events/second
1616104176,25000,624,807670,2790,175729,4449,408855,4809,287881,events/second
1616104177,25000,609,577249,2790,175729,4449,408855,4809,287881,events/second
1616104178,25000,595,066779,2790,175729,4449,408855,4809,287881,events/second
1648147352,0,0,000000,0,000000,0,000000,0,000000,events/second
1648147353,0,0,000000,0,000000,0,000000,0,000000,events/second
1648147354,0,0,000000,0,000000,0,000000,0,000000,events/second
1648147355,0,0,000000,0,000000,0,000000,0,000000,events/second
1648147356,0,0,000000,0,000000,0,000000,0,000000,events/second
1648147357,0,0,000000,0,000000,0,000000,0,000000,events/second
1648147358,0,0,000000,0,000000,0,000000,0,000000,events/second
1648147359,0,0,000000,0,000000,0,000000,0,000000,events/second
1648147405,0,0,000000,0,000000,0,000000,0,000000,events/second
1648147406,0,0,000000,0,000000,0,000000,0,000000,events/second
1648148305,0,0,000000,0,000000,0,000000,0,000000,events/second
1648148306,0,0,000000,0,000000,0,000000,0,000000,events/second
1648148307,0,0,000000,0,000000,0,000000,0,000000,events/second
1648148308,0,0,000000,0,000000,0,000000,0,000000,events/second
1648148309,0,0,000000,0,000000,0,000000,0,000000,events/second
1648148310,0,0,000000,0,000000,0,000000,0,000000,events/second
1648148311,0,0,000000,0,000000,0,000000,0,000000,events/second
1648148312,0,0,000000,0,000000,0,000000,0,000000,events/second
1648148683,0,0,000000,0,000000,0,000000,0,000000,events/second
1648148684,0,0,000000,0,000000,0,000000,0,000000,events/second
1648148685,0,0,000000,0,000000,0,000000,0,000000,events/second
1648148686,0,0,000000,0,000000,0,000000,0,000000,events/second
1648148712,0,0,000000,0,000000,0,000000,0,000000,events/second
1648149154,0,0,000000,0,000000,0,000000,0,000000,events/second
1648149155,0,0,000000,0,000000,0,000000,0,000000,events/second
1648149156,0,0,000000,0,000000,0,000000,0,000000,events/second
1648149157,0,0,000000,0,000000,0,000000,0,000000,events/second
1648149158,0,0,000000,0,000000,0,000000,0,000000,events/second
1648149159,0,0,000000,0,000000,0,000000,0,000000,events/second
1648149160,0,0,000000,0,000000,0,000000,0,000000,events/second
1648149161,0,0,000000,0,000000,0,000000,0,000000,events/second
1648149253,0,0,000000,0,000000,0,000000,0,000000,events/second
1648149254,0,0,000000,0,000000,0,000000,0,000000,events/second
1648149255,0,0,000000,0,000000,0,000000,0,000000,events/second
1648149256,0,0,000000,0,000000,0,000000,0,000000,events/second
1648149257,0,0,000000,0,000000,0,000000,0,000000,events/second
1648149258,0,0,000000,0,000000,0,000000,0,000000,events/second
1648149259,0,0,000000,0,000000,0,000000,0,000000,events/second
1648161690,10,9,845486,0,000000,0,000000,0,000000,events/second
1648161691,10,4,974395,0,000000,0,000000,0,000000,events/second
1648161692,10,3,321746,0,000000,0,000000,0,000000,events/second
1648161712,7,6,898618,0,000000,0,000000,0,000000,events/second
1648161713,7,3,482033,0,000000,0,000000,0,000000,events/second
1648161714,7,2,326338,0,000000,0,000000,0,000000,events/second
1648161715,7,1,745678,0,000000,0,000000,0,000000,events/second
1648161994,3,2,953063,0,000000,0,000000,0,000000,events/second
1648161995,3,1,493989,0,000000,0,000000,0,000000,events/second
1648161996,3,0,996535,0,000000,0,000000,0,000000,events/second
1648161997,3,0,748364,0,000000,0,000000,0,000000,events/second
1648161998,3,0,599044,0,600000,0,600000,0,600000,events/second
1648161999,3,0,499266,0,600000,0,600000,0,600000,events/second
1648162000,3,0,428035,0,600000,0,600000,0,600000,events/second
1648162001,3,0,374620,0,600000,0,600000,0,600000,events/second
1648162010,222,214,051352,0,000000,0,000000,0,000000,events/second
1648162011,222,110,131424,0,000000,0,000000,0,000000,events/second
1648162012,222,73,615392,0,000000,0,000000,0,000000,events/second
1648162013,222,55,289862,0,000000,0,000000,0,000000,events/second
1648162014,222,44,275408,44,400000,44,400000,44,400000,events/second
1648162015,222,36,910627,44,400000,44,400000,44,400000,events/second
1648162016,222,31,643555,44,400000,44,400000,44,400000,events/second
1648162017,222,27,696899,44,400000,44,400000,44,400000,events/second
1648162018,222,24,627930,44,400000,44,400000,44,400000,events/second
1648162019,222,22,168819,40,849972,43,666133,44,154017,events/second
1648162020,222,20,155540,40,849972,43,666133,44,154017,events/second
1648162021,222,18,477945,40,849972,43,666133,44,154017,events/second
1648162022,222,17,057936,40,849972,43,666133,44,154017,events/second
1648162023,222,15,840335,40,849972,43,666133,44,154017,events/second
1648162024,222,14,785240,37,583789,42,944395,43,909397,events/second
1648162025,222,13,862446,37,583789,42,944395,43,909397,events/second
1648162026,222,13,047508,37,583789,42,944395,43,909397,events/second
1648162027,222,12,323854,37,583789,42,944395,43,909397,events/second
1648162028,222,11,675776,37,583789,42,944395,43,909397,events/second
1648162029,222,11,092278,34,578755,42,234586,43,666133,events/second
1648162214,171,167,462532,0,000000,0,000000,0,000000,events/second
1648162215,171,84,839047,0,000000,0,000000,0,000000,events/second
1648162216,171,56,733812,0,000000,0,000000,0,000000,events/second
1648162217,171,42,591960,0,000000,0,000000,0,000000,events/second
1648162218,171,34,110084,34,200000,34,200000,34,200000,events/second
1648162219,171,28,435493,34,200000,34,200000,34,200000,events/second
1648162220,171,24,382506,34,200000,34,200000,34,200000,events/second
1648162221,171,21,337075,34,200000,34,200000,34,200000,events/second
1648162222,171,18,969248,34,200000,34,200000,34,200000,events/second
1648162223,171,17,076900,31,465519,33,634724,34,010527,events/second
1648162224,171,15,524357,31,465519,33,634724,34,010527,events/second
1648162225,171,14,234322,31,465519,33,634724,34,010527,events/second
1648162226,171,13,139768,31,465519,33,634724,34,010527,events/second
1648162227,171,12,202329,31,465519,33,634724,34,010527,events/second
1648162228,171,11,389734,28,949675,33,078791,33,822103,events/second
1648162229,171,10,678298,28,949675,33,078791,33,822103,events/second
1648162230,171,10,050796,28,949675,33,078791,33,822103,events/second
1648162231,171,9,493157,28,949675,33,078791,33,822103,events/second
1648162232,171,8,993867,28,949675,33,078791,33,822103,events/second
1648162233,171,8,544058,26,634987,32,532046,33,634724,events/second
1648162234,171,8,137481,26,634987,32,532046,33,634724,events/second
1648162235,171,7,767809,26,634987,32,532046,33,634724,events/second
1648162236,171,7,430015,26,634987,32,532046,33,634724,events/second
1648162237,171,7,121132,26,634987,32,532046,33,634724,events/second
1648162238,171,6,836154,24,505371,31,994339,33,448382,events/second
1648162239,171,6,573431,24,505371,31,994339,33,448382,events/second
1648162240,171,6,329917,24,505371,31,994339,33,448382,events/second
1648162241,171,6,104133,24,505371,31,994339,33,448382,events/second
1648162242,171,5,893718,24,505371,31,994339,33,448382,events/second
1648162243,171,5,697251,22,546030,31,465519,33,263073,events/second
1648162244,171,5,513751,22,546030,31,465519,33,263073,events/second
1648162245,171,5,341460,22,546030,31,465519,33,263073,events/second
1648162246,171,5,179731,22,546030,31,465519,33,263073,events/second
1648162247,171,5,027452,22,546030,31,465519,33,263073,events/second
1648162248,171,4,883919,20,743349,30,945440,33,078791,events/second
1648162249,171,4,748234,20,743349,30,945440,33,078791,events/second
1648162250,171,4,620005,20,743349,30,945440,33,078791,events/second
1648162251,171,4,498457,20,743349,30,945440,33,078791,events/second
1648162252,171,4,383168,20,743349,30,945440,33,078791,events/second
1648162253,171,4,273635,19,084802,30,433957,32,895529,events/second
1648162254,171,4,169412,19,084802,30,433957,32,895529,events/second
1648162255,171,4,070144,19,084802,30,433957,32,895529,events/second
1648162256,171,3,975527,19,084802,30,433957,32,895529,events/second
1648162257,171,3,885180,19,084802,30,433957,32,895529,events/second
1648162262,203,197,120126,0,000000,0,000000,0,000000,events/second
1648162319,222,217,816897,0,000000,0,000000,0,000000,events/second
1648162320,222,110,356396,0,000000,0,000000,0,000000,events/second
1648162321,222,73,718374,0,000000,0,000000,0,000000,events/second
1648162322,222,55,353637,0,000000,0,000000,0,000000,events/second
1648162323,222,44,303084,44,400000,44,400000,44,400000,events/second
1648162324,222,36,923937,44,400000,44,400000,44,400000,events/second
1648162325,222,31,657034,44,400000,44,400000,44,400000,events/second
1648162326,222,27,707036,44,400000,44,400000,44,400000,events/second
1648162327,222,24,631901,44,400000,44,400000,44,400000,events/second
1648162328,222,22,174885,40,849972,43,666133,44,154017,events/second
1648162329,222,20,159979,40,849972,43,666133,44,154017,events/second
1648162330,222,18,482934,40,849972,43,666133,44,154017,events/second
1648162331,222,17,061290,40,849972,43,666133,44,154017,events/second
1648162332,222,15,844642,40,849972,43,666133,44,154017,events/second
1648162394,4934,4813,269516,0,000000,0,000000,0,000000,events/second
1648162395,4934,2444,348661,0,000000,0,000000,0,000000,events/second
1648162523,4946,4846,423816,0,000000,0,000000,0,000000,events/second
1648162524,4946,2444,358283,0,000000,0,000000,0,000000,events/second
1648162525,4946,1641,128371,0,000000,0,000000,0,000000,events/second
1648162526,4946,1232,531059,0,000000,0,000000,0,000000,events/second
1648162527,4946,986,657947,989,200000,989,200000,989,200000,events/second
1648162528,4946,822,553790,989,200000,989,200000,989,200000,events/second
1648162529,4946,705,175518,989,200000,989,200000,989,200000,events/second
1648162530,4946,617,199838,989,200000,989,200000,989,200000,events/second
1648162531,4946,548,666023,989,200000,989,200000,989,200000,events/second
1648162532,4946,493,937746,910,107935,972,849962,983,719682,events/second
1648162533,4946,449,109317,910,107935,972,849962,983,719682,events/second
1648162534,4946,411,691831,910,107935,972,849962,983,719682,events/second
1648162535,4946,380,048555,910,107935,972,849962,983,719682,events/second
1648162536,4946,352,952222,910,107935,972,849962,983,719682,events/second
1648162537,4946,329,431254,837,339722,956,770167,978,269725,events/second
1648162538,4946,308,865307,837,339722,956,770167,978,269725,events/second
1648162539,4946,290,726388,837,339722,956,770167,978,269725,events/second
1648162540,4946,274,573167,837,339722,956,770167,978,269725,events/second
1648162541,4946,260,139958,837,339722,956,770167,978,269725,events/second
1648162542,4946,247,141933,770,389735,940,956147,972,849962,events/second
1648162543,4946,235,385768,770,389735,940,956147,972,849962,events/second
1648162544,4946,224,691383,770,389735,940,956147,972,849962,events/second
1648162545,4946,214,921252,770,389735,940,956147,972,849962,events/second
1648162546,4946,205,977254,770,389735,940,956147,972,849962,events/second
1648162547,4946,197,740679,708,792772,925,403510,967,460225,events/second
1648162548,4946,190,135447,708,792772,925,403510,967,460225,events/second
1648162549,4946,183,092082,708,792772,925,403510,967,460225,events/second
1648162550,4946,176,560970,708,792772,925,403510,967,460225,events/second
1648162551,4946,170,475972,708,792772,925,403510,967,460225,events/second
1648162552,4946,164,794722,652,120831,910,107935,962,100349,events/second
1648162553,4946,159,481238,652,120831,910,107935,962,100349,events/second
1648162554,4946,154,497573,652,120831,910,107935,962,100349,events/second
1648162555,4946,149,821963,652,120831,910,107935,962,100349,events/second
1648162556,4946,145,416240,652,120831,910,107935,962,100349,events/second
1648162557,4946,141,261460,599,980129,895,065174,956,770167,events/second
1648162558,4946,137,340805,599,980129,895,065174,956,770167,events/second
1648162559,4946,133,630003,599,980129,895,065174,956,770167,events/second
1648162560,4946,130,116111,599,980129,895,065174,956,770167,events/second
1648162561,4946,126,780607,599,980129,895,065174,956,770167,events/second
1648162562,4946,123,611542,552,008366,880,271048,951,469514,events/second
1648162563,4946,120,596087,552,008366,880,271048,951,469514,events/second
1648162564,4946,117,726091,552,008366,880,271048,951,469514,events/second
1648162565,4946,114,988987,552,008366,880,271048,951,469514,events/second
1648162566,4946,112,376020,552,008366,880,271048,951,469514,events/second
1648162567,4946,109,880999,507,872214,865,721447,946,198229,events/second
1648162568,4946,107,492524,507,872214,865,721447,946,198229,events/second
1648162569,4946,105,205692,507,872214,865,721447,946,198229,events/second
1648162570,4946,103,015287,507,872214,865,721447,946,198229,events/second
1648162571,4946,100,913313,507,872214,865,721447,946,198229,events/second
1648162572,4946,98,894262,467,264994,851,412330,940,956147,events/second
1648162573,4946,96,956420,467,264994,851,412330,940,956147,events/second
1648162574,4946,95,091441,467,264994,851,412330,940,956147,events/second
1648162575,4946,93,297362,467,264994,851,412330,940,956147,events/second
1648162576,4946,91,570779,467,264994,851,412330,940,956147,events/second
1648162577,4946,89,906008,429,904548,837,339722,935,743107,events/second
1648162578,4946,88,300894,429,904548,837,339722,935,743107,events/second
1648162579,4946,86,752167,429,904548,837,339722,935,743107,events/second
1648162580,4946,85,256904,429,904548,837,339722,935,743107,events/second
1648162581,4946,83,813253,429,904548,837,339722,935,743107,events/second
1648162582,4946,82,415799,395,531278,823,499714,930,558948,events/second
1648162583,4946,81,064994,395,531278,823,499714,930,558948,events/second
1648162584,4946,79,758532,395,531278,823,499714,930,558948,events/second
1648162585,4946,78,491941,395,531278,823,499714,930,558948,events/second
1648162586,4946,77,265804,395,531278,823,499714,930,558948,events/second
1648162587,4946,76,077338,363,906343,809,888461,925,403510,events/second
1648162588,4946,74,925145,363,906343,809,888461,925,403510,events/second
1648162589,4946,73,807252,363,906343,809,888461,925,403510,events/second
1648162590,4946,72,722107,363,906343,809,888461,925,403510,events/second
1648162591,4946,71,668127,363,906343,809,888461,925,403510,events/second
1648162592,4946,70,644334,334,809999,796,502182,920,276633,events/second
1648162593,4946,69,648960,334,809999,796,502182,920,276633,events/second
1648162594,4946,68,682431,334,809999,796,502182,920,276633,events/second
1648162595,4946,67,742232,334,809999,796,502182,920,276633,events/second
1648162596,4946,66,826444,334,809999,796,502182,920,276633,events/second
1648162597,4946,65,935289,308,040069,783,337159,915,178161,events/second
1648162598,4946,65,068412,308,040069,783,337159,915,178161,events/second
1648162599,4946,64,223567,308,040069,783,337159,915,178161,events/second
1648162600,4946,63,400303,308,040069,783,337159,915,178161,events/second
1648162601,4946,62,597890,308,040069,783,337159,915,178161,events/second
1648162602,4946,61,815487,283,410545,770,389735,910,107935,events/second
1648162603,4946,61,052603,283,410545,770,389735,910,107935,events/second
1648162604,4946,60,308035,283,410545,770,389735,910,107935,events/second
1648162605,4946,59,581546,283,410545,770,389735,910,107935,events/second
1648162606,4946,58,872381,283,410545,770,389735,910,107935,events/second
1648162607,4946,58,179649,260,750289,757,656312,905,065799,events/second
1648162608,4946,57,503465,260,750289,757,656312,905,065799,events/second
1648162609,4946,56,842534,260,750289,757,656312,905,065799,events/second
1648162610,4946,56,196648,260,750289,757,656312,905,065799,events/second
1648162611,4946,55,565477,260,750289,757,656312,905,065799,events/second
1648162612,4946,54,948097,239,901847,745,133355,900,051597,events/second
1648162613,4946,54,344184,239,901847,745,133355,900,051597,events/second
1648162614,4946,53,753740,239,901847,745,133355,900,051597,events/second
1648162615,4946,53,175726,239,901847,745,133355,900,051597,events/second
1648162616,4946,52,610057,239,901847,745,133355,900,051597,events/second
1648162617,4946,52,056403,220,720354,732,817384,895,065174,events/second
1648162618,4946,51,514000,220,720354,732,817384,895,065174,events/second
1648162619,4946,50,982843,220,720354,732,817384,895,065174,events/second
1648162620,4946,50,463014,220,720354,732,817384,895,065174,events/second
1648162621,4946,49,953265,220,720354,732,817384,895,065174,events/second
1648162622,4946,49,453903,203,072529,720,704978,890,106377,events/second
1648162623,4946,48,964323,203,072529,720,704978,890,106377,events/second
1648162624,4946,48,484426,203,072529,720,704978,890,106377,events/second
1648162625,4946,48,013523,203,072529,720,704978,890,106377,events/second
1648162626,4946,47,552164,203,072529,720,704978,890,106377,events/second
1648162627,4946,47,099285,186,835746,708,792772,885,175052,events/second
1648162628,4946,46,655041,186,835746,708,792772,885,175052,events/second
1648162629,4946,46,219098,186,835746,708,792772,885,175052,events/second
1648162630,4946,45,790914,186,835746,708,792772,885,175052,events/second
1648162631,4946,45,371093,186,835746,708,792772,885,175052,events/second
1648162632,4946,44,958570,171,897185,697,077458,880,271048,events/second
1648162633,4946,44,553553,171,897185,697,077458,880,271048,events/second
1648162634,4946,44,155849,171,897185,697,077458,880,271048,events/second
1648162635,4946,43,765224,171,897185,697,077458,880,271048,events/second
1648162636,4946,43,381352,171,897185,697,077458,880,271048,events/second
1648162637,4946,43,004154,158,153045,685,555781,875,394212,events/second
1648162638,4946,42,633527,158,153045,685,555781,875,394212,events/second
1648162639,4946,42,269152,158,153045,685,555781,875,394212,events/second
1648162640,4946,41,910973,158,153045,685,555781,875,394212,events/second
1648162641,4946,41,558829,158,153045,685,555781,875,394212,events/second
1648162642,4946,41,212494,145,507826,674,224541,870,544395,events/second
1648162643,4946,40,871971,145,507826,674,224541,870,544395,events/second
1648162644,4946,40,536951,145,507826,674,224541,870,544395,events/second
1648162645,4946,40,207323,145,507826,674,224541,870,544395,events/second
1648162646,4946,39,883263,145,507826,674,224541,870,544395,events/second
1648162647,4946,39,564173,133,873662,663,080590,865,721447,events/second
1648162648,4946,39,250258,133,873662,663,080590,865,721447,events/second
1648162649,4946,38,941090,133,873662,663,080590,865,721447,events/second
1648162650,4946,38,636939,133,873662,663,080590,865,721447,events/second
1648162651,4946,38,337383,133,873662,663,080590,865,721447,events/second
1648162652,4946,38,042507,123,169715,652,120831,860,925219,events/second
1648162653,4946,37,752228,123,169715,652,120831,860,925219,events/second
1648162654,4946,37,466220,123,169715,652,120831,860,925219,events/second
1648162655,4946,37,184549,123,169715,652,120831,860,925219,events/second
1648162656,4946,36,907114,123,169715,652,120831,860,925219,events/second
1648162657,4946,36,633810,113,321608,641,342222,856,155562,events/second
1648162658,4946,36,364426,113,321608,641,342222,856,155562,events/second
1648162659,4946,36,099024,113,321608,641,342222,856,155562,events/second
1648162660,4946,35,837510,113,321608,641,342222,856,155562,events/second
1648162661,4946,35,579621,113,321608,641,342222,856,155562,events/second
1648162662,4946,35,325503,104,260913,630,741768,851,412330,events/second
1648162663,4946,35,075002,104,260913,630,741768,851,412330,events/second
1648162664,4946,34,828016,104,260913,630,741768,851,412330,events/second
1648162665,4946,34,584357,104,260913,630,741768,851,412330,events/second
1648162666,4946,34,344383,104,260913,630,741768,851,412330,events/second
1648162667,4946,34,107438,95,924671,620,316523,846,695377,events/second
1648162668,4946,33,873815,95,924671,620,316523,846,695377,events/second
1648162669,4946,33,643332,95,924671,620,316523,846,695377,events/second
1648162670,4946,33,416099,95,924671,620,316523,846,695377,events/second
1648162671,4946,33,191865,95,924671,620,316523,846,695377,events/second
1648162672,4946,32,970677,88,254957,610,063593,842,004555,events/second
1648162673,4946,32,752349,88,254957,610,063593,842,004555,events/second
1648162674,4946,32,536869,88,254957,610,063593,842,004555,events/second
1648162675,4946,32,324064,88,254957,610,063593,842,004555,events/second
1648162676,4946,32,114361,88,254957,610,063593,842,004555,events/second
1648162677,4946,31,907100,81,198481,599,980129,837,339722,events/second
1648162678,4946,31,702652,81,198481,599,980129,837,339722,events/second
1648162679,4946,31,500771,81,198481,599,980129,837,339722,events/second
1648162680,4946,31,301430,81,198481,599,980129,837,339722,events/second
1648162681,4946,31,104338,81,198481,599,980129,837,339722,events/second
1648162682,4946,30,910117,74,706209,590,063329,832,700733,events/second
1648162683,4946,30,718162,74,706209,590,063329,832,700733,events/second
1648162684,4946,30,528536,74,706209,590,063329,832,700733,events/second
1648162685,4946,30,341320,74,706209,590,063329,832,700733,events/second
1648162686,4946,30,156295,74,706209,590,063329,832,700733,events/second
1648162687,4946,29,973514,68,733030,580,310440,828,087444,events/second
1648162688,4946,29,792968,68,733030,580,310440,828,087444,events/second
1648162689,4946,29,614634,68,733030,580,310440,828,087444,events/second
1648162690,4946,29,438334,68,733030,580,310440,828,087444,events/second
1648162691,4946,29,264174,68,733030,580,310440,828,087444,events/second
1648162692,4946,29,092052,63,237440,570,718752,823,499714,events/second
1648162693,4946,28,921875,63,237440,570,718752,823,499714,events/second
1648162694,4946,28,753769,63,237440,570,718752,823,499714,events/second
1648162695,4946,28,587556,63,237440,570,718752,823,499714,events/second
1648162696,4946,28,423274,63,237440,570,718752,823,499714,events/second
1648162697,4946,28,260798,58,181254,561,285601,818,937400,events/second
1648162698,4946,28,100365,58,181254,561,285601,818,937400,events/second
1648162699,4946,27,941627,58,181254,561,285601,818,937400,events/second
1648162700,4946,27,784626,58,181254,561,285601,818,937400,events/second
1648162701,4946,27,629368,58,181254,561,285601,818,937400,events/second
1648162702,4946,27,475873,53,529338,552,008366,814,400363,events/second
1648162703,4946,27,324082,53,529338,552,008366,814,400363,events/second
1648162704,4946,27,173981,53,529338,552,008366,814,400363,events/second
1648162705,4946,27,025504,53,529338,552,008366,814,400363,events/second
1648162706,4946,26,878615,53,529338,552,008366,814,400363,events/second
1648162707,4946,26,733399,49,249368,542,884470,809,888461,events/second
1648162708,4946,26,589689,49,249368,542,884470,809,888461,events/second
1648162709,4946,26,447490,49,249368,542,884470,809,888461,events/second
1648162710,4946,26,306787,49,249368,542,884470,809,888461,events/second
1648162711,4946,26,167608,49,249368,542,884470,809,888461,events/second
1648162712,4946,26,029867,45,311606,533,911379,805,401556,events/second
1648162713,4946,25,893598,45,311606,533,911379,805,401556,events/second
1648162714,4946,25,758824,45,311606,533,911379,805,401556,events/second
1648162715,4946,25,625316,45,311606,533,911379,805,401556,events/second
1648162716,4946,25,493263,45,311606,533,911379,805,401556,events/second
1648162717,4946,25,362519,41,688690,525,086600,800,939509,events/second
1648162718,4946,25,233058,41,688690,525,086600,800,939509,events/second
1648162719,4946,25,105063,41,688690,525,086600,800,939509,events/second
1648162720,4946,24,978270,41,688690,525,086600,800,939509,events/second
1648162721,4946,24,852758,41,688690,525,086600,800,939509,events/second
1648162722,4946,24,728477,38,355446,516,407682,796,502182,events/second
1648162723,4946,24,605426,38,355446,516,407682,796,502182,events/second
1648162724,4946,24,483692,38,355446,516,407682,796,502182,events/second
1648162725,4946,24,363081,38,355446,516,407682,796,502182,events/second
1648162726,4946,24,243666,38,355446,516,407682,796,502182,events/second
1648162727,4946,24,125408,35,288714,507,872214,792,089439,events/second
1648162728,4946,24,008258,35,288714,507,872214,792,089439,events/second
1648162729,4946,23,892335,35,288714,507,872214,792,089439,events/second
1648162730,4946,23,777484,35,288714,507,872214,792,089439,events/second
1648162731,4946,23,663703,35,288714,507,872214,792,089439,events/second
1648162732,4946,23,551027,32,467184,499,477825,787,701143,events/second
1648162733,4946,23,439413,32,467184,499,477825,787,701143,events/second
1648162734,4946,23,328814,32,467184,499,477825,787,701143,events/second
1648162735,4946,23,219352,32,467184,499,477825,787,701143,events/second
1648162736,4946,23,110835,32,467184,499,477825,787,701143,events/second
1648162737,4946,23,003344,29,871252,491,222183,783,337159,events/second
1648162738,4946,22,896859,29,871252,491,222183,783,337159,events/second
1648162739,4946,22,791373,29,871252,491,222183,783,337159,events/second
1648162740,4946,22,686814,29,871252,491,222183,783,337159,events/second
1648162741,4946,22,583194,29,871252,491,222183,783,337159,events/second
1648162742,4946,22,480554,27,482878,483,102994,778,997352,events/second
1648162743,4946,22,378842,27,482878,483,102994,778,997352,events/second
1648162744,4946,22,278074,27,482878,483,102994,778,997352,events/second
1648162745,4946,22,178139,27,482878,483,102994,778,997352,events/second
1648162746,4946,22,079146,27,482878,483,102994,778,997352,events/second
1648162747,4946,21,981027,25,285469,475,118004,774,681588,events/second
1648162748,4946,21,883771,25,285469,475,118004,774,681588,events/second
1648162749,4946,21,787395,25,285469,475,118004,774,681588,events/second
1648162750,4946,21,691815,25,285469,475,118004,774,681588,events/second
1648162751,4946,21,597112,25,285469,475,118004,774,681588,events/second
1648162752,4946,21,503201,23,263754,467,264994,770,389735,events/second
1648162753,4946,21,410120,23,263754,467,264994,770,389735,events/second
1648162754,4946,21,317834,23,263754,467,264994,770,389735,events/second
1648162755,4946,21,226345,23,263754,467,264994,770,389735,events/second
1648162756,4946,21,135663,23,263754,467,264994,770,389735,events/second
1648162757,4946,21,045721,21,403687,459,541783,766,121658,events/second
1648162758,4946,20,956504,21,403687,459,541783,766,121658,events/second
1648162759,4946,20,868147,21,403687,459,541783,766,121658,events/second
1648162760,4946,20,780447,21,403687,459,541783,766,121658,events/second
1648162761,4946,20,693506,21,403687,459,541783,766,121658,events/second
1648162762,4946,20,607267,19,692343,451,946225,761,877228,events/second
1648162763,4946,20,521785,19,692343,451,946225,761,877228,events/second
1648162764,4946,20,436964,19,692343,451,946225,761,877228,events/second
1648162765,4946,20,352875,19,692343,451,946225,761,877228,events/second
1648162766,4946,20,269471,19,692343,451,946225,761,877228,events/second
1648162767,4946,20,186749,18,117830,444,476211,757,656312,events/second
1648162768,4946,20,104685,18,117830,444,476211,757,656312,events/second
1648162769,4946,20,023319,18,117830,444,476211,757,656312,events/second
1648162770,4946,19,942587,18,117830,444,476211,757,656312,events/second
1648162771,4946,19,862493,18,117830,444,476211,757,656312,events/second
1648162772,4946,19,783038,16,669208,437,129666,753,458781,events/second
1648162773,4946,19,704232,16,669208,437,129666,753,458781,events/second
1648162774,4946,19,625977,16,669208,437,129666,753,458781,events/second
1648162775,4946,19,548480,16,669208,437,129666,753,458781,events/second
1648162776,4946,19,471509,16,669208,437,129666,753,458781,events/second
1648162777,4946,19,395169,15,336412,429,904548,749,284505,events/second
1648162778,4946,19,319394,15,336412,429,904548,749,284505,events/second
1648162779,4946,19,244204,15,336412,429,904548,749,284505,events/second
1648162780,4946,19,169622,15,336412,429,904548,749,284505,events/second
1648162781,4946,19,095647,15,336412,429,904548,749,284505,events/second
1648162782,4946,19,022203,14,110180,422,798851,745,133355,events/second
1648162783,4946,18,949325,14,110180,422,798851,745,133355,events/second
1648162784,4946,18,877000,14,110180,422,798851,745,133355,events/second
1648162785,4946,18,805226,14,110180,422,798851,745,133355,events/second
1648162786,4946,18,733999,14,110180,422,798851,745,133355,events/second
1648162787,4946,18,663258,12,981992,415,810600,741,005203,events/second
1648162788,4946,18,593145,12,981992,415,810600,741,005203,events/second
1648162789,4946,18,523517,12,981992,415,810600,741,005203,events/second
1648162790,4946,18,454404,12,981992,415,810600,741,005203,events/second
1648162791,4946,18,385807,12,981992,415,810600,741,005203,events/second
1648162792,4946,18,317704,11,944010,408,937856,736,899921,events/second
1648162793,4946,18,250125,11,944010,408,937856,736,899921,events/second
1648162794,4946,18,182995,11,944010,408,937856,736,899921,events/second
1648162795,4946,18,116407,11,944010,408,937856,736,899921,events/second
1648162796,4946,18,050317,11,944010,408,937856,736,899921,events/second
1648162797,4946,17,984675,10,989019,402,178707,732,817384,events/second
1648162798,4946,17,919507,10,989019,402,178707,732,817384,events/second
1648162799,4946,17,854780,10,989019,402,178707,732,817384,events/second
1648162800,4946,17,790570,10,989019,402,178707,732,817384,events/second
1648162801,4946,17,726838,10,989019,402,178707,732,817384,events/second
1648162802,4946,17,663529,10,110386,395,531278,728,757464,events/second
1648162803,4946,17,600669,10,110386,395,531278,728,757464,events/second
1648162804,4946,17,538266,10,110386,395,531278,728,757464,events/second
1648162805,4946,17,476297,10,110386,395,531278,728,757464,events/second
1648162806,4946,17,414736,10,110386,395,531278,728,757464,events/second
1648162807,4946,17,353654,9,302004,388,993721,724,720037,events/second
1648162808,4946,17,292982,9,302004,388,993721,724,720037,events/second
1648162809,4946,17,232729,9,302004,388,993721,724,720037,events/second
1648162810,4946,17,172900,9,302004,388,993721,724,720037,events/second
1648162811,4946,17,113483,9,302004,388,993721,724,720037,events/second
1648162812,4946,17,054465,8,558257,382,564220,720,704978,events/second
1648162813,4946,16,995862,8,558257,382,564220,720,704978,events/second
1648162814,4946,16,937657,8,558257,382,564220,720,704978,events/second
1648162815,4946,16,879819,8,558257,382,564220,720,704978,events/second
1648162816,4946,16,822446,8,558257,382,564220,720,704978,events/second
1648162817,4946,16,765428,7,873976,376,240990,716,712163,events/second
1648162818,4946,16,708787,7,873976,376,240990,716,712163,events/second
1648162819,4946,16,652526,7,873976,376,240990,716,712163,events/second
1648162820,4946,16,596630,7,873976,376,240990,716,712163,events/second
1648162821,4946,16,541113,7,873976,376,240990,716,712163,events/second
1648162822,4946,16,485993,7,244408,370,022273,712,741468,events/second
1648162823,4946,16,431215,7,244408,370,022273,712,741468,events/second
1648162824,4946,16,376810,7,244408,370,022273,712,741468,events/second
1648162825,4946,16,322768,7,244408,370,022273,712,741468,events/second
1648162826,4946,16,269098,7,244408,370,022273,712,741468,events/second
1648162827,4946,16,215759,6,665177,363,906343,708,792772,events/second
1648162828,4946,16,162763,6,665177,363,906343,708,792772,events/second
1648162829,4946,16,110124,6,665177,363,906343,708,792772,events/second
1648162830,4946,16,057809,6,665177,363,906343,708,792772,events/second
1648162831,4946,16,005855,6,665177,363,906343,708,792772,events/second
1648162832,4946,15,954226,6,132259,357,891500,704,865953,events/second
1648162833,4946,15,902926,6,132259,357,891500,704,865953,events/second
1648162834,4946,15,851954,6,132259,357,891500,704,865953,events/second
1648162835,4946,15,801273,6,132259,357,891500,704,865953,events/second
1648162836,4946,15,750965,6,132259,357,891500,704,865953,events/second
1648162837,4946,15,700984,5,641951,351,976074,700,960888,events/second
1648162838,4946,15,651310,5,641951,351,976074,700,960888,events/second
1648162839,4946,15,601930,5,641951,351,976074,700,960888,events/second
1648162840,4946,15,552872,5,641951,351,976074,700,960888,events/second
1648162841,4946,15,504106,5,641951,351,976074,700,960888,events/second
1648162842,4946,15,455659,5,190845,346,158421,697,077458,events/second
1648162843,4946,15,407527,5,190845,346,158421,697,077458,events/second
1648162844,4946,15,359665,5,190845,346,158421,697,077458,events/second
1648162845,4946,15,312112,5,190845,346,158421,697,077458,events/second
1648162846,4946,15,264868,5,190845,346,158421,697,077458,events/second
1648162847,4946,15,217894,4,775808,340,436926,693,215543,events/second
1648162848,4946,15,171214,4,775808,340,436926,693,215543,events/second
1648162849,4946,15,124830,4,775808,340,436926,693,215543,events/second
1648162850,4946,15,078708,4,775808,340,436926,693,215543,events/second
1648162851,4946,15,032882,4,775808,340,436926,693,215543,events/second
1648162852,4946,14,987334,4,393956,334,809999,689,375024,events/second
1648162853,4946,14,942058,4,393956,334,809999,689,375024,events/second
1648162854,4946,14,897044,4,393956,334,809999,689,375024,events/second
1648162855,4946,14,852320,4,393956,334,809999,689,375024,events/second
1648162856,4946,14,807835,4,393956,334,809999,689,375024,events/second
1648162857,4946,14,763650,4,042634,329,276076,685,555781,events/second
1648162858,4946,14,719694,4,042634,329,276076,685,555781,events/second
1648162859,4946,14,676007,4,042634,329,276076,685,555781,events/second
1648162860,4946,14,632618,4,042634,329,276076,685,555781,events/second
1648162861,4946,14,589438,4,042634,329,276076,685,555781,events/second
1648162862,4946,14,546546,3,719403,323,833621,681,757698,events/second
1648162863,4946,14,503889,3,719403,323,833621,681,757698,events/second
1648162864,4946,14,461481,3,719403,323,833621,681,757698,events/second
1648162865,4946,14,419304,3,719403,323,833621,681,757698,events/second
1648162866,4946,14,377399,3,719403,323,833621,681,757698,events/second
1648162867,4946,14,335734,3,422016,318,481122,677,980657,events/second
1648162868,4946,14,294303,3,422016,318,481122,677,980657,events/second
1648162869,4946,14,253115,3,422016,318,481122,677,980657,events/second
1648162870,4946,14,212156,3,422016,318,481122,677,980657,events/second
1648162871,4946,14,171427,3,422016,318,481122,677,980657,events/second
1648162872,4946,14,130944,3,148407,313,217092,674,224541,events/second
1648162873,4946,14,090692,3,148407,313,217092,674,224541,events/second
1648162874,4946,14,050660,3,148407,313,217092,674,224541,events/second
1648162875,4946,14,010859,3,148407,313,217092,674,224541,events/second
1648162876,4946,13,971266,3,148407,313,217092,674,224541,events/second
1648162877,4946,13,931917,2,896674,308,040069,670,489235,events/second
1648162878,4946,13,892788,2,896674,308,040069,670,489235,events/second
1648162879,4946,13,853873,2,896674,308,040069,670,489235,events/second
1648162880,4946,13,815176,2,896674,308,040069,670,489235,events/second
1648162881,4946,13,776671,2,896674,308,040069,670,489235,events/second
1648162882,4946,13,738432,2,665069,302,948615,666,774622,events/second
1648162883,4946,13,700376,2,665069,302,948615,666,774622,events/second
1648162884,4946,13,662524,2,665069,302,948615,666,774622,events/second
1648162885,4946,13,624893,2,665069,302,948615,666,774622,events/second
1648162886,4946,13,587453,2,665069,302,948615,666,774622,events/second
1648162887,4946,13,550229,2,451982,297,941314,663,080590,events/second
1648162888,4946,13,513212,2,451982,297,941314,663,080590,events/second
1648162889,4946,13,476388,2,451982,297,941314,663,080590,events/second
1648162890,4946,13,439785,2,451982,297,941314,663,080590,events/second
1648162891,4946,13,403354,2,451982,297,941314,663,080590,events/second
1648162892,4946,13,367133,2,255932,293,016778,659,407022,events/second
1648162893,4946,13,331099,2,255932,293,016778,659,407022,events/second
1648162894,4946,13,295262,2,255932,293,016778,659,407022,events/second
1648162895,4946,13,259614,2,255932,293,016778,659,407022,events/second
1648162896,4946,13,224163,2,255932,293,016778,659,407022,events/second
1648162897,4946,13,188885,2,075558,288,173636,655,753807,events/second
1648162898,4946,13,153837,2,075558,288,173636,655,753807,events/second
1648162899,4946,13,118939,2,075558,288,173636,655,753807,events/second
1648162900,4946,13,084237,2,075558,288,173636,655,753807,events/second
1648162901,4946,13,049721,2,075558,288,173636,655,753807,events/second
1648162902,4946,13,015381,1,909605,283,410545,652,120831,events/second
1648162903,4946,12,981219,1,909605,283,410545,652,120831,events/second
1648162904,4946,12,947236,1,909605,283,410545,652,120831,events/second
1648162905,4946,12,913426,1,909605,283,410545,652,120831,events/second
1648162906,4946,12,879799,1,909605,283,410545,652,120831,events/second
1648162907,4946,12,846351,1,756922,278,726181,648,507983,events/second
1648162908,4946,12,813073,1,756922,278,726181,648,507983,events/second
1648162909,4946,12,779958,1,756922,278,726181,648,507983,events/second
1648162910,4946,12,747032,1,756922,278,726181,648,507983,events/second
1648162911,4946,12,714256,1,756922,278,726181,648,507983,events/second
1648162912,4946,12,681654,1,616446,274,119242,644,915150,events/second
1648162913,4946,12,649232,1,616446,274,119242,644,915150,events/second
1648162914,4946,12,616959,1,616446,274,119242,644,915150,events/second
1648162915,4946,12,584856,1,616446,274,119242,644,915150,events/second
1648162916,4946,12,552919,1,616446,274,119242,644,915150,events/second
1648162917,4946,12,521139,1,487202,269,588450,641,342222,events/second
1648162918,4946,12,489523,1,487202,269,588450,641,342222,events/second
1648162919,4946,12,458064,1,487202,269,588450,641,342222,events/second
1648162920,4946,12,426762,1,487202,269,588450,641,342222,events/second
1648162921,4946,12,395599,1,487202,269,588450,641,342222,events/second
1648162922,4946,12,364618,1,368292,265,132545,637,789089,events/second
1648162923,4946,12,333793,1,368292,265,132545,637,789089,events/second
1648162924,4946,12,303115,1,368292,265,132545,637,789089,events/second
1648162925,4946,12,272587,1,368292,265,132545,637,789089,events/second
1648162926,4946,12,242209,1,368292,265,132545,637,789089,events/second
1648162927,4946,12,211977,1,258889,260,750289,634,255640,events/second
1648162928,4946,12,181895,1,258889,260,750289,634,255640,events/second
1648162929,4946,12,151968,1,258889,260,750289,634,255640,events/second
1648162930,4946,12,122189,1,258889,260,750289,634,255640,events/second
1648162931,4946,12,092559,1,258889,260,750289,634,255640,events/second
1648162932,4946,12,063063,1,158234,256,440466,630,741768,events/second
1648162933,4946,12,033699,1,158234,256,440466,630,741768,events/second
1648162934,4946,12,004507,1,158234,256,440466,630,741768,events/second
1648162935,4946,11,975438,1,158234,256,440466,630,741768,events/second
1648162936,4946,11,946510,1,158234,256,440466,630,741768,events/second
1648162937,4946,11,917710,1,065627,252,201878,627,247362,events/second
1648162938,4946,11,889076,1,065627,252,201878,627,247362,events/second
1648162939,4946,11,860568,1,065627,252,201878,627,247362,events/second
1648162940,4946,11,832194,1,065627,252,201878,627,247362,events/second
1648162941,4946,11,803955,1,065627,252,201878,627,247362,events/second
1648162942,4946,11,775846,0,980424,248,033347,623,772317,events/second
1648162943,4946,11,747883,0,980424,248,033347,623,772317,events/second
1648162944,4946,11,720041,0,980424,248,033347,623,772317,events/second
1648162945,4946,11,692339,0,980424,248,033347,623,772317,events/second
1648162946,4946,11,664767,0,980424,248,033347,623,772317,events/second
1648162947,4946,11,637320,0,902034,243,933717,620,316523,events/second
1648162948,4946,11,609997,0,902034,243,933717,620,316523,events/second
1648162949,4946,11,582807,0,902034,243,933717,620,316523,events/second
1648162950,4946,11,555743,0,902034,243,933717,620,316523,events/second
1648162951,4946,11,528816,0,902034,243,933717,620,316523,events/second
1648162952,4946,11,502002,0,829911,239,901847,616,879875,events/second
1648162953,4946,11,475303,0,829911,239,901847,616,879875,events/second
1648162954,4946,11,448761,0,829911,239,901847,616,879875,events/second
1648162955,4946,11,422302,0,829911,239,901847,616,879875,events/second
1648162956,4946,11,395992,0,829911,239,901847,616,879875,events/second
1648162957,4946,11,369798,0,763555,235,936618,613,462267,events/second
1648162958,4946,11,343720,0,763555,235,936618,613,462267,events/second
1648162959,4946,11,317761,0,763555,235,936618,613,462267,events/second
1648162960,4946,11,291919,0,763555,235,936618,613,462267,events/second
1648162961,4946,11,266211,0,763555,235,936618,613,462267,events/second
1648162962,4946,11,240599,0,702505,232,036929,610,063593,events/second
1648162963,4946,11,215110,0,702505,232,036929,610,063593,events/second
1648162964,4946,11,189736,0,702505,232,036929,610,063593,events/second
1648162965,4946,11,164473,0,702505,232,036929,610,063593,events/second
1648162966,4946,11,139337,0,702505,232,036929,610,063593,events/second
1648162967,4946,11,114285,0,646335,228,201696,606,683748,events/second
1648162968,4946,11,089384,0,646335,228,201696,606,683748,events/second
1648162969,4946,11,064580,0,646335,228,201696,606,683748,events/second
1648162970,4946,11,039878,0,646335,228,201696,606,683748,events/second
1648162971,4946,11,015290,0,646335,228,201696,606,683748,events/second
1648162972,4946,10,990821,0,594657,224,429854,603,322628,events/second
1648162973,4946,10,966444,0,594657,224,429854,603,322628,events/second
1648162974,4946,10,942180,0,594657,224,429854,603,322628,events/second
1648162975,4946,10,918038,0,594657,224,429854,603,322628,events/second
1648162976,4946,10,893985,0,594657,224,429854,603,322628,events/second
1648162977,4946,10,870048,0,547111,220,720354,599,980129,events/second
1648162978,4946,10,846207,0,547111,220,720354,599,980129,events/second
1648162979,4946,10,822475,0,547111,220,720354,599,980129,events/second
1648162980,4946,10,798847,0,547111,220,720354,599,980129,events/second
1648162981,4946,10,775320,0,547111,220,720354,599,980129,events/second
1648162982,4946,10,751895,0,503366,217,072168,596,656147,events/second
1648162983,4946,10,728568,0,503366,217,072168,596,656147,events/second
1648162984,4946,10,705351,0,503366,217,072168,596,656147,events/second
1648162985,4946,10,682221,0,503366,217,072168,596,656147,events/second
1648162986,4946,10,659194,0,503366,217,072168,596,656147,events/second
1648162987,4946,10,636281,0,463120,213,484280,593,350582,events/second
1648162988,4946,10,613452,0,463120,213,484280,593,350582,events/second
1648162989,4946,10,590727,0,463120,213,484280,593,350582,events/second
1648162990,4946,10,568100,0,463120,213,484280,593,350582,events/second
1648162991,4946,10,545567,0,463120,213,484280,593,350582,events/second
1648162992,4946,10,523125,0,426091,209,955696,590,063329,events/second
1648162993,4946,10,500795,0,426091,209,955696,590,063329,events/second
1648162994,4946,10,478548,0,426091,209,955696,590,063329,events/second
1648162995,4946,10,456392,0,426091,209,955696,590,063329,events/second
1648162996,4946,10,434335,0,426091,209,955696,590,063329,events/second
1648162997,4946,10,412369,0,392022,206,485433,586,794289,events/second
1648162998,4946,10,390495,0,392022,206,485433,586,794289,events/second
1648162999,4946,10,368711,0,392022,206,485433,586,794289,events/second
1648163000,4946,10,347016,0,392022,206,485433,586,794289,events/second
1648163001,4946,10,325422,0,392022,206,485433,586,794289,events/second
1648163002,4946,10,303913,0,360678,203,072529,583,543359,events/second
1648163003,4946,10,282486,0,360678,203,072529,583,543359,events/second
1648163004,4946,10,261142,0,360678,203,072529,583,543359,events/second
1648163005,4946,10,239911,0,360678,203,072529,583,543359,events/second
1648163006,4946,10,218752,0,360678,203,072529,583,543359,events/second
1648163007,4946,10,197685,0,331840,199,716036,580,310440,events/second
1648163008,4946,10,176697,0,331840,199,716036,580,310440,events/second
1648163009,4946,10,155802,0,331840,199,716036,580,310440,events/second
1648163010,4946,10,134992,0,331840,199,716036,580,310440,events/second
1648163011,4946,10,114262,0,331840,199,716036,580,310440,events/second
1648163012,4946,10,093625,0,305307,196,415020,577,095432,events/second
1648163013,4946,10,073074,0,305307,196,415020,577,095432,events/second
1648163014,4946,10,052597,0,305307,196,415020,577,095432,events/second
1648163015,4946,10,032215,0,305307,196,415020,577,095432,events/second
1648163016,4946,10,011905,0,305307,196,415020,577,095432,events/second
1648163017,4946,9,991680,0,280896,193,168565,573,898236,events/second
1648163018,4946,9,971534,0,280896,193,168565,573,898236,events/second
1648163019,4946,9,951470,0,280896,193,168565,573,898236,events/second
1648163020,4946,9,931486,0,280896,193,168565,573,898236,events/second
1648163021,4946,9,911588,0,280896,193,168565,573,898236,events/second
1648163022,4946,9,891765,0,258437,189,975770,570,718752,events/second
1648163023,4946,9,872022,0,258437,189,975770,570,718752,events/second
1648163024,4946,9,852356,0,258437,189,975770,570,718752,events/second
1648163025,4946,9,832760,0,258437,189,975770,570,718752,events/second
1648163026,4946,9,813259,0,258437,189,975770,570,718752,events/second
1648163027,4946,9,793826,0,237773,186,835746,567,556884,events/second
1648163028,4946,9,774468,0,237773,186,835746,567,556884,events/second
1648163029,4946,9,755191,0,237773,186,835746,567,556884,events/second
1648163030,4946,9,735993,0,237773,186,835746,567,556884,events/second
1648163031,4946,9,716865,0,237773,186,835746,567,556884,events/second
1648163032,4946,9,697810,0,218762,183,747623,564,412532,events/second
1648163033,4946,9,678836,0,218762,183,747623,564,412532,events/second
1648163034,4946,9,659929,0,218762,183,747623,564,412532,events/second
1648163035,4946,9,641103,0,218762,183,747623,564,412532,events/second
1648163036,4946,9,622345,0,218762,183,747623,564,412532,events/second
1648163037,4946,9,603661,0,201271,180,710542,561,285601,events/second
1648163038,4946,9,585051,0,201271,180,710542,561,285601,events/second
1648163039,4946,9,566513,0,201271,180,710542,561,285601,events/second
1648163040,4946,9,548046,0,201271,180,710542,561,285601,events/second
1648163041,4946,9,529647,0,201271,180,710542,561,285601,events/second
1648163042,4946,9,511323,0,185178,177,723659,558,175994,events/second
1648163043,4946,9,493067,0,185178,177,723659,558,175994,events/second
1648163044,4946,9,474882,0,185178,177,723659,558,175994,events/second
1648163045,4946,9,456765,0,185178,177,723659,558,175994,events/second
1648163046,4946,9,438711,0,185178,177,723659,558,175994,events/second
1648163047,4946,9,420737,0,170372,174,786146,555,083614,events/second
1648163048,4946,9,402829,0,170372,174,786146,555,083614,events/second
1648163049,4946,9,384985,0,170372,174,786146,555,083614,events/second
1648163050,4946,9,367212,0,170372,174,786146,555,083614,events/second
1648163051,4946,9,349498,0,170372,174,786146,555,083614,events/second
1648163052,4946,9,331867,0,156750,171,897185,552,008366,events/second
1648163053,4946,9,314290,0,156750,171,897185,552,008366,events/second
1648163054,4946,9,296782,0,156750,171,897185,552,008366,events/second
1648163055,4946,9,279345,0,156750,171,897185,552,008366,events/second
1648163056,4946,9,261968,0,156750,171,897185,552,008366,events/second
1648163057,4946,9,244651,0,144217,169,055974,548,950156,events/second
1648163058,4946,9,227402,0,144217,169,055974,548,950156,events/second
1648163059,4946,9,210221,0,144217,169,055974,548,950156,events/second
1648163060,4946,9,193105,0,144217,169,055974,548,950156,events/second
1648163061,4946,9,176052,0,144217,169,055974,548,950156,events/second
1648163062,4946,9,159059,0,132686,166,261725,545,908889,events/second
1648163063,4946,9,142130,0,132686,166,261725,545,908889,events/second
1648163064,4946,9,125263,0,132686,166,261725,545,908889,events/second
1648163065,4946,9,108458,0,132686,166,261725,545,908889,events/second
1648163066,4946,9,091714,0,132686,166,261725,545,908889,events/second
1648163067,4946,9,075030,0,122077,163,513660,542,884470,events/second
1648163068,4946,9,058405,0,122077,163,513660,542,884470,events/second
1648163069,4946,9,041848,0,122077,163,513660,542,884470,events/second
1648163070,4946,9,025349,0,122077,163,513660,542,884470,events/second
1648163071,4946,9,008913,0,122077,163,513660,542,884470,events/second
1648163072,4946,8,992528,0,112316,160,811017,539,876808,events/second
1648163073,4946,8,976215,0,112316,160,811017,539,876808,events/second
1648163074,4946,8,959952,0,112316,160,811017,539,876808,events/second
1648163075,4946,8,943751,0,112316,160,811017,539,876808,events/second
1648163076,4946,8,927607,0,112316,160,811017,539,876808,events/second
1648163077,4946,8,911516,0,103336,158,153045,536,885808,events/second
1648163078,4946,8,895495,0,103336,158,153045,536,885808,events/second
1648163079,4946,8,879524,0,103336,158,153045,536,885808,events/second
1648163080,4946,8,863611,0,103336,158,153045,536,885808,events/second
1648163081,4946,8,847746,0,103336,158,153045,536,885808,events/second
1648163082,4946,8,831955,0,095074,155,539005,533,911379,events/second
1648163083,4946,8,816212,0,095074,155,539005,533,911379,events/second
1648163084,4946,8,800525,0,095074,155,539005,533,911379,events/second
1648163085,4946,8,784896,0,095074,155,539005,533,911379,events/second
1648163086,4946,8,769320,0,095074,155,539005,533,911379,events/second
1648163087,4946,8,753797,0,087472,152,968171,530,953429,events/second
1648163088,4946,8,738332,0,087472,152,968171,530,953429,events/second
1648163089,4946,8,722922,0,087472,152,968171,530,953429,events/second
1648163090,4946,8,707562,0,087472,152,968171,530,953429,events/second
1648163091,4946,8,692261,0,087472,152,968171,530,953429,events/second
1648163092,4946,8,677011,0,080478,150,439830,528,011866,events/second
1648163093,4946,8,661815,0,080478,150,439830,528,011866,events/second
1648163094,4946,8,646674,0,080478,150,439830,528,011866,events/second
1648163095,4946,8,631585,0,080478,150,439830,528,011866,events/second
1648163096,4946,8,616547,0,080478,150,439830,528,011866,events/second
1648163097,4946,8,601560,0,074043,147,953278,525,086600,events/second
1648163098,4946,8,586630,0,074043,147,953278,525,086600,events/second
1648163099,4946,8,571745,0,074043,147,953278,525,086600,events/second
1648163100,4946,8,556915,0,074043,147,953278,525,086600,events/second
1648163101,4946,8,542135,0,074043,147,953278,525,086600,events/second
1648163102,4946,8,527412,0,068123,145,507826,522,177541,events/second
1648163103,4946,8,512732,0,068123,145,507826,522,177541,events/second
1648163104,4946,8,498106,0,068123,145,507826,522,177541,events/second
1648163105,4946,8,483531,0,068123,145,507826,522,177541,events/second
1648163106,4946,8,468998,0,068123,145,507826,522,177541,events/second
1648163107,4946,8,454527,0,062676,143,102793,519,284598,events/second
1648163108,4946,8,440101,0,062676,143,102793,519,284598,events/second
1648163109,4946,8,425722,0,062676,143,102793,519,284598,events/second
1648163110,4946,8,411394,0,062676,143,102793,519,284598,events/second
1648163111,4946,8,397115,0,062676,143,102793,519,284598,events/second
1648163112,4946,8,382882,0,057665,140,737512,516,407682,events/second
1648163113,4946,8,368698,0,057665,140,737512,516,407682,events/second
1648163114,4946,8,354561,0,057665,140,737512,516,407682,events/second
1648163115,4946,8,340474,0,057665,140,737512,516,407682,events/second
1648163116,4946,8,326434,0,057665,140,737512,516,407682,events/second
1648163117,4946,8,312441,0,053054,138,411325,513,546705,events/second
1648163118,4946,8,298494,0,053054,138,411325,513,546705,events/second
1648163119,4946,8,284593,0,053054,138,411325,513,546705,events/second
1648163120,4946,8,270740,0,053054,138,411325,513,546705,events/second
1648163121,4946,8,256929,0,053054,138,411325,513,546705,events/second
1648163122,4946,8,243170,0,048812,136,123587,510,701579,events/second
1648163123,4946,8,229453,0,048812,136,123587,510,701579,events/second
1648163124,4946,8,215778,0,048812,136,123587,510,701579,events/second
1648163125,4946,8,202160,0,048812,136,123587,510,701579,events/second
1648163126,4946,8,188582,0,048812,136,123587,510,701579,events/second
1648163127,4946,8,175047,0,044910,133,873662,507,872214,events/second
1648163128,4946,8,161557,0,044910,133,873662,507,872214,events/second
1648163129,4946,8,148110,0,044910,133,873662,507,872214,events/second
1648163130,4946,8,134708,0,044910,133,873662,507,872214,events/second
1648163131,4946,8,121352,0,044910,133,873662,507,872214,events/second
1648163132,4946,8,108038,0,041319,131,660925,505,058525,events/second
1648163133,4946,8,094766,0,041319,131,660925,505,058525,events/second
1648163134,4946,8,081541,0,041319,131,660925,505,058525,events/second
1648163135,4946,8,068358,0,041319,131,660925,505,058525,events/second
1648163136,4946,8,055217,0,041319,131,660925,505,058525,events/second
1648163137,4946,8,042122,0,038015,129,484761,502,260424,events/second
1648163138,4946,8,029066,0,038015,129,484761,502,260424,events/second
1648163139,4946,8,016051,0,038015,129,484761,502,260424,events/second
1648163140,4946,8,003083,0,038015,129,484761,502,260424,events/second
1648163141,4946,7,990155,0,038015,129,484761,502,260424,events/second
1648163142,4946,7,977263,0,034976,127,344567,499,477825,events/second
1648163143,4946,7,964422,0,034976,127,344567,499,477825,events/second
1648163144,4946,7,951613,0,034976,127,344567,499,477825,events/second
1648163145,4946,7,938851,0,034976,127,344567,499,477825,events/second
1648163146,4946,7,926132,0,034976,127,344567,499,477825,events/second
1648163147,4946,7,913447,0,032179,125,239746,496,710642,events/second
1648163148,4946,7,900803,0,032179,125,239746,496,710642,events/second
1648163149,4946,7,888207,0,032179,125,239746,496,710642,events/second
1648163150,4946,7,875645,0,032179,125,239746,496,710642,events/second
1648163151,4946,7,863126,0,032179,125,239746,496,710642,events/second
1648163152,4946,7,850644,0,029606,123,169715,493,958789,events/second
1648163153,4946,7,838203,0,029606,123,169715,493,958789,events/second
1648163154,4946,7,825802,0,029606,123,169715,493,958789,events/second
1648163155,4946,7,813437,0,029606,123,169715,493,958789,events/second
1648163156,4946,7,801113,0,029606,123,169715,493,958789,events/second
1648163157,4946,7,788832,0,027239,121,133899,491,222183,events/second
1648163158,4946,7,776583,0,027239,121,133899,491,222183,events/second
1648163159,4946,7,764377,0,027239,121,133899,491,222183,events/second
1648163160,4946,7,752205,0,027239,121,133899,491,222183,events/second
1648163161,4946,7,740076,0,027239,121,133899,491,222183,events/second
1648163162,4946,7,727961,0,025061,119,131732,488,500737,events/second
1648163163,4946,7,715923,0,025061,119,131732,488,500737,events/second
1648163164,4946,7,703907,0,025061,119,131732,488,500737,events/second
1648163165,4946,7,691926,0,025061,119,131732,488,500737,events/second
1648163166,4946,7,679975,0,025061,119,131732,488,500737,events/second
1648163167,4946,7,668052,0,023057,117,162657,485,794369,events/second
1648163168,4946,7,656201,0,023057,117,162657,485,794369,events/second
1648163169,4946,7,644371,0,023057,117,162657,485,794369,events/second
1648163170,4946,7,632577,0,023057,117,162657,485,794369,events/second
1648163171,4946,7,620817,0,023057,117,162657,485,794369,events/second
1648163172,4946,7,609090,0,021214,115,226129,483,102994,events/second
1648163173,4946,7,597404,0,021214,115,226129,483,102994,events/second
1648163174,4946,7,585751,0,021214,115,226129,483,102994,events/second
1648163175,4946,7,574135,0,021214,115,226129,483,102994,events/second
1648163176,4946,7,562554,0,021214,115,226129,483,102994,events/second
1648163177,4946,7,551007,0,019518,113,321608,480,426530,events/second
1648163178,4946,7,539498,0,019518,113,321608,480,426530,events/second
1648163179,4946,7,528022,0,019518,113,321608,480,426530,events/second
1648163180,4946,7,516575,0,019518,113,321608,480,426530,events/second
1648163181,4946,7,505171,0,019518,113,321608,480,426530,events/second
1648163182,4946,7,493805,0,017957,111,448567,477,764894,events/second
1648163183,4946,7,482463,0,017957,111,448567,477,764894,events/second
1648163184,4946,7,471165,0,017957,111,448567,477,764894,events/second
1648163185,4946,7,459895,0,017957,111,448567,477,764894,events/second
1648163186,4946,7,448659,0,017957,111,448567,477,764894,events/second
1648163187,4946,7,437460,0,016521,109,606484,475,118004,events/second
1648163188,4946,7,426294,0,016521,109,606484,475,118004,events/second
1648163189,4946,7,415160,0,016521,109,606484,475,118004,events/second
1648163190,4946,7,404059,0,016521,109,606484,475,118004,events/second
1648163191,4946,7,392992,0,016521,109,606484,475,118004,events/second
1648163192,4946,7,381957,0,015200,107,794848,472,485778,events/second
1648163193,4946,7,370956,0,015200,107,794848,472,485778,events/second
1648163194,4946,7,359986,0,015200,107,794848,472,485778,events/second
1648163195,4946,7,349046,0,015200,107,794848,472,485778,events/second
1648163196,4946,7,338147,0,015200,107,794848,472,485778,events/second
1648163197,4946,7,327278,0,013985,106,013156,469,868135,events/second
1648163198,4946,7,316440,0,013985,106,013156,469,868135,events/second
1648163199,4946,7,305633,0,013985,106,013156,469,868135,events/second
1648163200,4946,7,294853,0,013985,106,013156,469,868135,events/second
1648163201,4946,7,284113,0,013985,106,013156,469,868135,events/second
1648163279,4893,4735,201100,0,000000,0,000000,0,000000,events/second
1648163280,4893,2431,061494,0,000000,0,000000,0,000000,events/second
1648163281,4893,1624,000727,0,000000,0,000000,0,000000,events/second
1648163282,4893,1219,279200,0,000000,0,000000,0,000000,events/second
1648163283,4893,975,944804,978,600000,978,600000,978,600000,events/second
1648163284,4893,813,910573,978,600000,978,600000,978,600000,events/second
1648163285,4893,697,784023,978,600000,978,600000,978,600000,events/second
1648163286,4893,610,675364,978,600000,978,600000,978,600000,events/second
1648163287,4893,542,931149,978,600000,978,600000,978,600000,events/second
1648163288,4893,488,738505,900,355464,962,425165,973,178407,events/second
1648163289,4893,444,322180,900,355464,962,425165,973,178407,events/second
1648163290,4893,407,358726,900,355464,962,425165,973,178407,events/second
1648163291,4893,376,016796,900,355464,962,425165,973,178407,events/second
1648163292,4893,349,197785,900,355464,962,425165,973,178407,events/second
1648163293,4893,325,946070,828,367016,946,517676,967,786851,events/second
1648163294,4893,305,591941,828,367016,946,517676,967,786851,events/second
1648163295,4893,287,610737,828,367016,946,517676,967,786851,events/second
1648163296,4893,271,637665,828,367016,946,517676,967,786851,events/second
